task_count,milestone_count,team_size,days_total,priority_high_ratio,avg_task_duration_est,days_remaining,current_progress,is_delayed,delay_days
107,5,10,83,0.71,7.5,15,0.78,1,7.6
97,1,2,124,0.48,8.7,32,0.79,1,45.0
19,1,3,179,0.42,4.2,52,0.71,0,0.0
111,5,17,60,0.02,10.6,60,0.25,0,0.0
76,5,2,65,0.2,13.1,0,0.86,1,45.0
25,2,11,50,0.37,5.4,0,0.89,1,9.8
107,7,19,41,0.5,8.4,39,0.19,1,8.4
126,5,9,24,0.45,14.7,13,0.13,1,45.0
79,2,12,71,0.59,6.3,7,0.98,0,0.0
92,9,3,164,0.22,9.7,20,0.87,1,27.8
121,2,9,37,0.45,3.2,12,0.89,0,0.0
104,10,9,73,0.07,9.9,0,0.89,1,14.1
108,11,18,139,0.33,3.2,65,0.54,0,0.0
135,16,16,136,0.6,14.5,52,0.65,0,0.0
57,2,18,45,0.55,11.3,21,0.55,0,0.0
6,0,14,123,0.79,12.2,118,0.05,0,0.0
92,12,6,22,0.22,11.2,17,0.75,1,41.0
42,4,13,24,0.4,9.7,0,0.51,1,13.0
134,19,2,98,0.26,7.8,35,0.65,1,45.0
25,0,6,31,0.35,13.2,3,0.5,1,30.8
62,8,9,83,0.69,14.4,49,0.49,1,8.8
26,2,14,34,0.55,8.5,19,0.17,0,0.0
93,4,9,110,0.71,14.1,54,0.28,1,45.0
53,1,12,126,0.16,9.6,113,0.16,0,0.0
63,3,2,175,0.7,9.0,138,0.2,1,45.0
19,0,14,50,0.05,7.9,4,0.97,0,0.0
55,6,4,97,0.71,4.7,96,0.15,0,0.0
112,5,18,177,0.26,2.0,133,0.27,0,0.0
59,3,6,119,0.25,5.1,50,0.59,0,0.0
68,9,9,129,0.41,8.6,49,0.61,0,0.0
135,17,15,106,0.75,6.9,78,0.15,0,0.0
55,0,5,154,0.04,7.8,29,0.79,0,0.0
139,19,12,66,0.28,14.7,33,0.79,1,8.1
25,0,16,139,0.69,6.6,102,0.24,0,0.0
77,0,8,105,0.32,7.9,73,0.29,0,0.0
22,1,12,130,0.16,3.7,20,0.94,0,0.0
136,3,6,71,0.34,2.6,0,0.83,1,11.8
93,0,6,146,0.31,12.1,50,0.7,1,15.9
64,0,9,77,0.73,9.4,54,0.08,1,14.4
18,0,11,90,0.61,11.9,56,0.42,0,0.0
13,0,7,26,0.4,3.9,11,0.56,0,0.0
94,12,16,126,0.79,9.4,108,0.19,0,0.0
57,0,17,59,0.37,5.3,22,0.45,0,0.0
134,7,18,121,0.05,5.0,42,0.6,0,0.0
88,1,9,103,0.21,2.1,75,0.33,0,0.0
96,10,9,177,0.35,3.7,33,0.78,0,0.0
115,12,10,94,0.13,6.0,22,0.84,0,0.0
12,0,3,158,0.76,3.5,108,0.32,0,0.0
39,2,16,155,0.61,14.8,20,0.84,0,0.0
85,9,19,166,0.21,6.0,145,0.1,0,0.0
54,6,4,161,0.47,3.7,26,0.84,0,0.0
108,10,18,83,0.58,4.6,68,0.15,0,0.0
136,12,5,118,0.75,9.6,115,0.08,1,45.0
6,0,5,154,0.71,2.8,51,0.64,0,0.0
138,6,15,27,0.41,13.2,8,0.47,1,45.0
58,4,10,51,0.62,14.5,13,0.91,0,0.0
110,0,10,110,0.45,5.2,65,0.36,0,0.0
8,0,19,54,0.44,7.9,33,0.29,0,0.0
58,3,11,91,0.09,2.3,20,0.5,0,0.0
48,0,5,26,0.1,10.3,3,0.46,1,39.4
18,0,13,82,0.42,7.4,45,0.34,0,0.0
99,6,9,23,0.22,5.5,1,0.69,1,31.1
52,1,3,166,0.02,4.7,32,0.76,0,0.0
19,1,14,141,0.58,10.5,30,0.85,0,0.0
44,1,17,91,0.03,7.4,0,0.97,0,0.0
86,0,3,157,0.48,4.3,108,0.27,1,0.0
115,6,12,129,0.43,11.0,38,0.72,0,0.0
57,4,11,129,0.78,9.3,67,0.39,0,0.0
28,3,16,56,0.39,13.2,33,0.68,0,0.0
128,17,18,116,0.05,3.5,68,0.48,0,0.0
45,4,9,117,0.44,12.2,0,0.99,0,0.0
19,1,19,18,0.67,10.8,15,0.73,0,0.0
49,5,10,88,0.8,3.5,16,0.95,0,0.0
69,1,9,164,0.34,11.0,15,0.83,0,0.0
93,12,15,24,0.26,7.7,0,0.9,1,13.5
75,10,19,28,0.73,14.3,0,0.81,1,13.5
13,0,13,99,0.15,3.8,39,0.46,0,0.0
92,4,15,35,0.49,10.4,18,0.25,1,45.0
133,15,18,163,0.32,7.0,98,0.37,0,0.0
140,16,4,163,0.03,14.4,163,0.02,1,45.0
67,7,8,101,0.28,6.3,48,0.52,0,0.0
143,18,18,91,0.21,14.5,43,0.51,1,27.3
85,3,13,140,0.55,13.7,61,0.53,0,0.0
140,14,10,51,0.76,5.5,0,0.97,1,8.9
37,0,16,28,0.21,12.4,8,0.91,0,0.0
127,9,19,26,0.65,14.9,26,0.16,1,45.0
9,0,14,170,0.04,5.3,101,0.37,0,0.0
45,3,9,85,0.43,7.7,37,0.42,0,0.0
32,2,15,72,0.06,8.8,61,0.36,0,0.0
139,19,9,140,0.75,5.8,30,0.8,0,0.0
76,0,15,116,0.61,2.2,59,0.52,0,0.0
16,0,8,58,0.53,4.9,29,0.57,0,0.0
37,3,13,64,0.66,5.7,0,0.85,1,4.6
52,0,12,163,0.52,7.8,46,0.81,0,0.0
66,5,12,108,0.78,4.2,89,0.13,0,0.0
41,0,14,61,0.57,13.4,25,0.71,0,0.0
103,11,19,109,0.74,11.2,76,0.44,0,0.0
108,2,3,126,0.41,3.1,89,0.29,1,0.0
39,2,16,127,0.09,10.5,108,0.05,0,0.0
105,1,19,16,0.42,10.5,0,0.49,1,45.0
135,15,16,55,0.1,14.4,35,0.36,1,45.0
5,0,13,55,0.47,2.0,43,0.25,0,0.0
9,0,14,109,0.39,5.2,27,0.69,0,0.0
146,8,12,153,0.5,14.1,36,0.77,1,7.5
107,15,6,161,0.01,14.1,125,0.24,1,45.0
31,2,2,63,0.16,11.4,63,0.05,1,45.0
141,11,4,71,0.39,12.0,8,0.85,1,45.0
19,0,8,138,0.76,3.2,136,0.01,0,0.0
94,12,13,58,0.31,8.7,1,0.94,1,11.8
46,5,16,34,0.34,5.0,12,0.63,0,0.0
128,7,6,19,0.57,4.4,7,0.32,1,45.0
67,7,16,127,0.48,12.5,90,0.25,0,0.0
100,10,9,153,0.24,3.8,147,0.01,0,0.0
56,5,11,166,0.33,8.1,128,0.24,0,0.0
100,11,17,101,0.17,14.2,78,0.14,0,0.0
136,0,9,143,0.77,4.4,50,0.61,0,0.0
147,10,2,153,0.1,14.7,145,0.17,1,45.0
33,3,13,157,0.3,14.9,82,0.53,0,0.0
40,1,6,89,0.02,9.2,26,0.59,0,0.0
17,1,4,80,0.18,4.2,64,0.3,0,0.0
75,2,2,87,0.62,6.1,87,0.04,1,45.0
90,10,5,52,0.16,7.5,49,0.04,1,45.0
32,2,9,163,0.06,6.0,151,0.03,0,0.0
70,0,4,99,0.38,5.6,17,0.74,1,17.9
49,0,11,87,0.01,14.6,61,0.32,0,0.0
66,4,3,170,0.07,4.0,26,0.8,0,0.0
138,7,12,35,0.65,11.5,30,0.43,1,45.0
32,2,11,130,0.62,2.0,84,0.45,0,0.0
32,3,15,54,0.73,9.8,25,0.51,0,0.0
112,5,8,72,0.68,13.9,32,0.71,1,33.1
48,5,3,77,0.55,5.7,51,0.27,1,21.0
88,1,10,163,0.04,4.4,136,0.12,0,0.0
34,4,17,11,0.63,10.5,11,0.56,0,0.0
79,2,14,151,0.68,11.3,117,0.33,0,0.0
132,7,10,117,0.64,10.9,84,0.44,1,2.1
96,8,5,39,0.41,6.2,17,0.65,1,38.8
133,16,11,58,0.19,5.3,37,0.49,0,0.0
125,2,13,149,0.68,14.4,59,0.62,1,0.0
31,2,18,53,0.58,14.0,38,0.54,0,0.0
125,10,15,170,0.78,7.9,48,0.74,0,0.0
120,16,15,22,0.12,13.0,14,0.71,1,27.4
7,0,3,87,0.18,7.9,29,0.53,0,0.0
107,4,12,135,0.17,7.5,41,0.68,0,0.0
141,18,17,107,0.63,4.0,21,0.87,0,0.0
66,1,7,35,0.15,7.5,27,0.43,1,24.9
55,6,6,158,0.05,9.0,101,0.41,0,0.0
63,7,5,165,0.8,2.3,40,0.76,0,0.0
122,6,16,57,0.02,7.8,17,0.58,0,0.0
100,11,5,177,0.67,12.2,163,0.07,1,45.0
117,16,11,75,0.29,10.8,8,0.89,1,12.0
66,5,4,96,0.67,10.3,95,0.03,1,45.0
56,2,6,88,0.44,13.8,12,0.75,1,31.9
16,1,7,32,0.72,2.2,5,0.76,0,0.0
43,5,9,90,0.74,9.2,3,0.95,0,0.0
134,1,8,57,0.01,12.2,31,0.05,1,45.0
135,5,11,133,0.06,9.0,61,0.6,0,0.0
117,4,7,139,0.2,6.2,81,0.43,0,0.0
105,2,15,93,0.54,3.8,64,0.33,0,0.0
117,3,5,29,0.71,13.5,21,0.09,1,45.0
85,5,14,55,0.37,8.1,29,0.56,0,0.0
117,16,18,140,0.49,13.4,64,0.48,0,0.0
6,0,8,21,0.15,9.6,12,0.1,0,0.0
134,10,5,49,0.64,10.8,25,0.61,1,45.0
58,3,15,75,0.77,12.5,23,0.74,0,0.0
91,9,4,109,0.21,10.6,12,0.77,1,45.0
133,12,6,87,0.4,7.2,24,0.91,0,0.0
130,16,17,25,0.07,8.7,7,0.41,1,22.4
134,8,5,92,0.45,12.4,2,0.95,1,17.3
57,3,3,171,0.4,6.9,40,0.87,0,0.0
72,6,19,53,0.12,7.0,16,0.3,1,11.1
127,13,18,143,0.35,3.2,103,0.16,0,0.0
149,18,15,109,0.27,13.9,65,0.44,1,25.7
42,1,14,31,0.42,3.2,0,0.4,1,14.5
28,3,13,27,0.47,10.4,0,0.58,1,17.5
73,2,7,21,0.01,7.4,20,0.58,1,10.2
120,13,5,132,0.61,7.3,28,0.75,1,27.8
102,7,17,126,0.57,10.8,83,0.51,0,0.0
143,0,14,60,0.29,2.9,43,0.1,0,0.0
148,9,5,80,0.04,9.7,8,0.86,1,34.3
101,1,18,57,0.6,12.0,44,0.31,1,11.7
128,15,2,28,0.76,12.8,5,0.97,1,27.4
74,7,19,15,0.19,4.2,10,0.12,1,6.5
97,0,18,93,0.26,13.7,0,0.96,1,9.0
7,0,16,164,0.15,10.5,151,0.09,0,0.0
94,11,12,62,0.46,13.5,61,0.23,1,30.1
100,7,14,116,0.12,8.3,116,0.05,0,0.0
56,7,2,110,0.28,9.0,26,0.71,1,40.5
132,15,18,57,0.56,13.9,0,0.85,1,24.4
43,1,7,144,0.45,13.7,74,0.43,0,0.0
86,3,5,78,0.31,7.8,0,0.93,1,13.4
108,5,17,20,0.34,5.6,9,0.59,1,8.0
133,11,16,152,0.45,7.1,64,0.63,0,0.0
15,0,16,140,0.0,7.0,20,0.85,0,0.0
46,0,7,131,0.06,5.7,109,0.3,0,0.0
103,14,16,78,0.71,5.5,68,0.35,0,0.0
11,0,15,32,0.06,13.2,6,0.91,0,0.0
148,15,12,46,0.57,2.9,11,0.9,0,0.0
94,7,8,18,0.74,10.8,0,0.98,1,8.2
116,11,10,24,0.22,4.2,0,0.9,1,8.0
64,7,17,140,0.3,6.5,134,0.13,0,0.0
117,13,6,102,0.46,2.8,12,0.82,0,0.0
6,0,11,26,0.71,5.5,26,0.41,0,0.0
133,12,19,163,0.75,12.0,12,0.99,0,0.0
52,0,4,158,0.59,13.5,90,0.47,1,11.3
144,1,14,81,0.07,4.9,24,0.55,1,6.8
41,2,12,158,0.54,8.0,71,0.53,0,0.0
13,0,18,130,0.33,8.1,94,0.32,0,0.0
103,9,14,20,0.38,13.4,8,0.08,1,45.0
52,5,7,175,0.04,11.9,16,0.9,0,0.0
135,9,18,81,0.15,8.7,23,0.8,0,0.0
58,0,14,115,0.63,10.7,93,0.14,0,0.0
124,7,11,134,0.36,13.0,21,0.78,1,22.9
120,9,4,44,0.24,2.1,0,0.63,1,27.4
79,2,15,128,0.31,7.2,71,0.41,0,0.0
117,2,6,23,0.68,13.8,23,0.25,1,45.0
108,7,6,23,0.6,11.6,0,0.86,1,22.6
88,4,18,19,0.22,9.1,5,0.7,1,14.8
116,2,11,149,0.09,8.9,65,0.55,0,0.0
103,9,6,47,0.2,6.5,11,0.61,1,22.0
97,10,5,117,0.74,8.8,114,0.09,1,44.2
132,15,7,128,0.47,10.5,83,0.47,1,17.1
114,16,5,43,0.43,7.4,43,0.19,1,45.0
86,2,8,178,0.48,11.3,133,0.21,0,0.0
58,3,8,19,0.29,13.2,19,0.66,1,22.1
72,8,19,131,0.65,4.0,21,0.91,0,0.0
37,4,4,154,0.42,7.9,87,0.4,0,0.0
146,11,2,154,0.09,7.3,114,0.21,1,45.0
25,1,5,124,0.1,10.9,54,0.65,0,0.0
52,6,7,10,0.43,5.2,3,0.87,1,8.6
132,1,10,21,0.75,10.3,0,0.75,1,31.8
140,17,15,112,0.25,13.4,13,0.87,1,8.3
139,19,13,13,0.7,7.4,1,0.54,1,36.1
149,11,5,179,0.61,13.8,36,0.75,1,45.0
132,3,13,150,0.2,14.9,139,0.14,0,0.0
37,0,11,107,0.03,3.4,77,0.35,0,0.0
119,1,8,115,0.08,5.0,78,0.39,0,0.0
123,2,4,94,0.58,14.4,54,0.51,1,45.0
26,1,15,130,0.16,14.5,0,0.93,1,4.1
42,4,11,141,0.3,3.3,11,0.87,0,0.0
113,8,17,91,0.4,2.2,91,0.13,0,0.0
55,3,17,28,0.58,4.1,24,0.17,0,0.0
12,0,11,139,0.09,14.9,74,0.36,0,0.0
31,0,14,21,0.33,4.3,17,0.29,0,0.0
31,3,7,90,0.39,8.5,41,0.61,0,0.0
25,1,13,83,0.43,13.0,13,0.9,0,0.0
34,4,10,107,0.65,2.3,0,0.96,0,0.0
101,13,14,15,0.14,9.9,15,0.65,1,16.3
32,0,5,145,0.65,5.6,8,0.84,0,0.0
115,0,12,134,0.55,13.2,64,0.53,1,1.3
65,3,19,60,0.44,5.7,60,0.21,0,0.0
52,5,12,20,0.56,10.9,15,0.52,1,6.1
8,0,5,136,0.33,10.8,68,0.56,0,0.0
39,4,19,149,0.11,4.9,27,0.74,0,0.0
53,6,2,82,0.53,2.5,67,0.22,0,0.0
21,1,8,11,0.42,7.3,6,0.37,1,12.1
50,1,7,17,0.51,5.8,0,0.36,1,31.7
121,13,16,148,0.27,12.5,14,0.96,0,0.0
10,0,19,133,0.73,12.4,65,0.44,0,0.0
103,3,12,62,0.47,7.9,8,0.76,1,15.6
128,14,16,19,0.07,9.9,9,0.75,1,22.9
41,5,17,121,0.36,9.9,87,0.27,0,0.0
28,0,8,17,0.61,12.8,8,0.57,1,16.2
97,4,11,45,0.64,7.5,2,0.89,1,10.3
50,0,13,115,0.4,5.6,74,0.48,0,0.0
99,9,15,23,0.72,5.4,0,0.95,1,4.4
103,4,6,95,0.21,9.0,69,0.21,1,45.0
120,5,19,158,0.33,7.8,151,0.07,0,0.0
71,0,6,59,0.72,7.7,0,0.89,1,17.8
132,10,4,176,0.72,3.2,16,0.85,1,2.2
22,2,6,29,0.55,11.3,1,0.99,0,0.0
29,2,18,96,0.69,4.8,39,0.68,0,0.0
58,3,13,144,0.07,4.6,19,0.94,0,0.0
62,1,10,146,0.69,7.4,26,0.83,0,0.0
71,4,2,138,0.26,5.0,14,0.84,1,21.1
108,11,19,163,0.14,9.6,72,0.57,0,0.0
28,2,5,175,0.19,6.8,113,0.38,0,0.0
118,7,11,47,0.33,7.8,5,0.93,0,0.0
36,2,8,53,0.2,9.0,42,0.43,0,0.0
90,7,2,95,0.26,4.6,33,0.54,1,45.0
131,17,18,53,0.11,4.0,22,0.45,0,0.0
134,9,3,83,0.24,13.4,47,0.56,1,45.0
21,0,12,128,0.46,7.6,53,0.47,0,0.0
108,3,10,131,0.35,7.4,119,0.05,0,0.0
141,16,8,143,0.28,2.5,9,0.88,0,0.0
47,6,18,154,0.6,8.5,69,0.44,0,0.0
43,2,18,60,0.71,9.2,22,0.59,0,0.0
30,0,3,47,0.61,9.3,47,0.14,1,39.3
103,4,7,161,0.27,11.2,161,0.0,0,0.0
54,1,15,60,0.6,4.3,53,0.25,0,0.0
17,0,7,19,0.12,5.3,17,0.7,0,0.0
64,4,3,129,0.1,12.5,112,0.1,1,45.0
139,4,2,158,0.28,14.3,40,0.91,1,45.0
61,7,11,79,0.65,3.8,58,0.22,0,0.0
40,2,6,94,0.2,8.5,72,0.2,0,0.0
24,0,3,66,0.05,4.8,46,0.18,0,0.0
69,5,17,135,0.11,2.8,135,0.01,0,0.0
12,0,3,48,0.69,6.2,8,0.77,1,4.5
148,4,11,42,0.51,3.9,4,0.88,1,10.3
146,8,3,27,0.2,11.2,8,0.61,1,45.0
119,15,17,66,0.44,8.9,51,0.19,1,4.6
147,1,17,105,0.42,3.9,76,0.29,0,0.0
96,0,8,57,0.52,2.1,25,0.48,0,0.0
102,7,13,51,0.19,12.5,0,0.95,1,12.6
70,2,16,36,0.69,4.3,36,0.25,0,0.0
36,2,9,83,0.25,9.9,19,0.73,0,0.0
90,11,7,119,0.56,6.4,70,0.44,0,0.0
55,3,11,179,0.01,9.6,116,0.3,0,0.0
67,6,4,41,0.3,6.1,17,0.46,1,45.0
129,12,18,35,0.28,3.1,20,0.07,1,6.8
62,7,8,34,0.43,4.9,25,0.8,0,0.0
62,5,5,84,0.06,4.4,77,0.24,0,0.0
90,11,15,32,0.63,7.6,14,0.73,1,2.4
53,1,16,66,0.17,10.6,66,0.07,0,0.0
74,8,9,135,0.54,5.4,13,0.96,0,0.0
19,0,16,96,0.64,2.2,75,0.19,0,0.0
58,6,15,40,0.45,8.7,8,0.88,0,0.0
105,9,10,73,0.59,9.9,27,0.81,0,0.0
12,0,9,42,0.53,14.5,0,0.97,0,0.0
57,4,18,11,0.28,9.7,0,0.48,1,29.8
64,7,3,27,0.65,8.1,11,0.73,1,45.0
112,14,4,170,0.24,9.5,101,0.37,1,42.5
9,0,9,93,0.46,14.1,53,0.18,0,0.0
107,1,13,44,0.6,12.8,12,0.44,1,45.0
10,0,2,123,0.3,6.2,99,0.17,0,0.0
113,6,11,155,0.24,5.1,3,0.98,0,0.0
120,11,4,119,0.37,5.4,108,0.1,1,41.8
98,0,7,97,0.65,8.6,59,0.59,0,0.0
51,6,8,81,0.74,11.7,28,0.63,1,7.4
103,5,19,134,0.44,8.5,64,0.54,0,0.0
59,7,12,39,0.53,2.9,0,0.66,1,9.7
56,4,6,62,0.72,11.4,54,0.12,1,34.8
148,14,12,147,0.08,12.5,68,0.56,1,3.2
17,0,13,96,0.19,5.8,54,0.29,0,0.0
118,0,11,148,0.57,10.6,0,0.94,1,12.9
128,9,9,173,0.66,7.5,46,0.76,0,0.0
110,5,10,170,0.69,13.6,0,0.97,1,10.8
149,9,5,22,0.33,13.0,20,0.04,1,45.0
124,14,6,49,0.07,8.8,40,0.29,1,45.0
67,0,9,98,0.35,11.0,98,0.2,0,0.0
23,1,10,77,0.18,13.5,73,0.01,0,0.0
96,5,16,51,0.23,8.4,51,0.24,0,0.0
62,2,16,156,0.62,6.1,30,0.68,0,0.0
94,12,17,103,0.06,11.8,80,0.23,0,0.0
121,15,15,28,0.66,4.9,10,0.51,1,15.5
66,7,9,32,0.34,7.1,0,0.89,1,8.9
27,1,19,63,0.48,13.3,25,0.69,0,0.0
131,14,11,74,0.07,11.4,42,0.39,1,45.0
141,16,7,149,0.27,7.2,73,0.37,1,24.1
144,16,13,33,0.07,4.8,2,0.46,1,34.5
133,12,3,43,0.77,6.6,42,0.18,1,45.0
62,0,8,62,0.65,5.7,6,0.63,1,17.2
126,5,17,145,0.37,4.3,99,0.36,0,0.0
5,0,4,27,0.18,11.7,5,0.85,0,0.0
38,0,14,66,0.75,5.3,14,0.76,0,0.0
100,13,4,121,0.28,7.9,46,0.61,1,37.8
130,12,19,14,0.13,7.0,14,0.36,1,12.5
122,5,12,163,0.45,14.8,117,0.21,1,8.8
52,2,9,167,0.76,7.1,37,0.78,0,0.0
93,7,7,22,0.0,3.0,0,0.49,1,25.7
121,14,2,92,0.19,3.2,72,0.22,1,45.0
133,12,2,38,0.75,9.7,37,0.2,1,45.0
20,0,9,12,0.14,9.8,11,0.17,1,10.4
73,4,6,99,0.09,7.4,28,0.78,0,0.0
26,2,17,113,0.46,7.6,80,0.23,0,0.0
97,11,12,132,0.69,2.7,61,0.53,0,0.0
80,5,6,85,0.38,8.7,44,0.45,1,31.8
148,4,5,139,0.8,8.6,55,0.58,1,45.0
90,5,7,117,0.54,3.9,6,0.88,0,0.0
33,1,15,165,0.06,3.3,17,0.87,0,0.0
73,0,10,91,0.79,3.6,38,0.45,0,0.0
51,6,13,86,0.33,3.3,67,0.02,0,0.0
98,8,12,11,0.23,9.9,0,0.43,1,34.5
148,1,15,136,0.45,4.6,59,0.61,0,0.0
89,9,17,144,0.24,5.3,66,0.56,0,0.0
43,4,2,35,0.07,4.3,0,0.65,1,35.9
104,9,14,97,0.0,14.5,77,0.15,0,0.0
37,3,14,25,0.36,13.1,15,0.65,0,0.0
105,5,3,160,0.67,5.0,126,0.18,1,22.8
27,1,5,177,0.46,6.3,29,0.75,0,0.0
14,0,7,82,0.8,4.7,76,0.34,0,0.0
73,1,6,41,0.23,8.4,10,0.71,1,29.1
104,1,4,24,0.22,2.3,11,0.05,1,31.4
38,3,2,150,0.13,10.7,90,0.41,1,43.7
142,16,5,14,0.13,8.8,3,0.71,1,45.0
100,8,3,83,0.23,13.7,48,0.23,1,45.0
5,0,6,61,0.63,4.1,13,0.8,0,0.0
73,6,4,86,0.72,12.5,41,0.63,1,45.0
8,0,10,178,0.78,12.3,71,0.59,0,0.0
20,2,7,119,0.19,3.7,56,0.35,0,0.0
28,2,19,152,0.71,7.2,82,0.48,0,0.0
84,2,7,115,0.26,4.2,52,0.6,0,0.0
6,0,13,136,0.09,5.3,65,0.47,0,0.0
132,10,12,16,0.7,5.4,0,0.7,1,29.1
88,11,3,49,0.51,9.2,49,0.43,1,45.0
144,2,16,165,0.13,7.3,125,0.2,0,0.0
128,16,13,169,0.34,14.3,121,0.21,1,0.0
37,2,13,108,0.23,3.6,107,0.01,0,0.0
105,2,10,152,0.59,14.7,112,0.3,1,0.0
16,1,3,94,0.36,5.0,28,0.75,0,0.0
71,3,4,74,0.79,12.0,0,0.79,1,30.5
69,2,13,141,0.04,6.4,105,0.2,0,0.0
78,9,17,20,0.28,3.9,12,0.96,0,0.0
47,3,2,117,0.39,13.2,61,0.5,1,45.0
48,4,4,35,0.4,6.0,0,0.92,1,12.4
33,0,3,174,0.25,10.6,63,0.71,0,0.0
145,16,10,160,0.58,9.4,54,0.72,0,0.0
16,0,16,94,0.7,8.1,83,0.09,0,0.0
99,10,19,177,0.75,8.4,146,0.22,0,0.0
50,1,12,160,0.64,11.5,160,0.01,0,0.0
134,0,17,132,0.68,3.1,26,0.72,0,0.0
39,2,18,153,0.44,10.7,105,0.34,0,0.0
85,3,6,77,0.66,13.6,36,0.79,1,16.3
94,12,13,113,0.24,2.8,81,0.34,0,0.0
12,0,12,89,0.32,3.8,8,0.82,0,0.0
97,5,16,168,0.25,11.3,148,0.13,0,0.0
94,9,4,62,0.37,7.7,62,0.17,1,45.0
119,13,2,115,0.23,7.2,65,0.34,1,45.0
109,4,17,162,0.77,3.8,95,0.41,0,0.0
139,15,3,53,0.25,8.6,32,0.35,1,45.0
62,3,3,149,0.08,3.6,28,0.76,0,0.0
118,7,4,99,0.42,8.2,91,0.1,1,45.0
79,10,9,110,0.05,11.9,70,0.35,0,0.0
124,15,16,106,0.09,5.4,23,0.84,0,0.0
25,1,8,18,0.18,8.3,18,0.07,1,9.1
142,3,7,21,0.37,14.9,0,0.94,1,26.2
105,12,10,78,0.35,10.9,1,0.99,0,0.0
103,9,2,37,0.64,12.9,33,0.09,1,45.0
40,3,9,65,0.59,7.4,48,0.29,0,0.0
100,12,4,108,0.34,12.0,67,0.37,1,45.0
41,1,5,119,0.27,2.5,16,0.78,0,0.0
16,0,16,86,0.25,3.6,49,0.6,0,0.0
117,2,7,112,0.62,4.6,58,0.64,0,0.0
17,1,16,115,0.04,7.2,33,0.76,0,0.0
27,3,4,118,0.01,13.0,110,0.12,0,0.0
103,7,15,121,0.64,6.5,21,0.83,0,0.0
109,14,15,67,0.38,10.5,29,0.71,0,0.0
34,2,5,87,0.1,11.2,12,0.58,1,28.2
21,2,13,84,0.19,9.6,9,0.89,0,0.0
117,8,18,51,0.75,6.6,9,0.7,1,9.4
66,6,8,175,0.69,9.5,141,0.2,0,0.0
88,12,10,77,0.57,6.4,54,0.43,0,0.0
116,1,4,42,0.39,3.1,21,0.49,1,38.7
90,7,14,80,0.42,14.9,71,0.06,1,17.6
145,6,16,65,0.78,3.7,0,0.95,1,3.8
23,2,19,114,0.77,2.9,98,0.13,0,0.0
104,6,2,110,0.17,13.4,40,0.7,1,45.0
144,9,7,60,0.65,5.9,21,0.51,1,39.6
80,8,3,83,0.16,10.5,60,0.03,1,45.0
13,0,15,130,0.17,6.3,32,0.92,0,0.0
32,3,7,152,0.54,7.1,25,0.85,0,0.0
132,2,15,175,0.32,5.4,81,0.52,0,0.0
56,5,5,152,0.75,6.5,131,0.23,0,0.0
87,9,9,14,0.07,7.3,13,0.12,1,45.0
115,5,4,92,0.41,11.4,71,0.36,1,45.0
148,17,15,60,0.73,8.6,57,0.26,1,14.5
121,17,18,19,0.72,14.3,0,0.51,1,35.0
73,4,9,149,0.13,2.5,9,0.97,0,0.0
103,4,15,13,0.29,8.5,13,0.57,1,11.7
144,6,7,104,0.5,9.6,1,0.89,1,32.7
29,3,17,155,0.13,14.0,44,0.65,0,0.0
127,1,15,89,0.77,2.6,38,0.48,0,0.0
57,2,4,45,0.73,9.5,15,0.85,1,11.4
148,12,11,34,0.13,13.1,20,0.47,1,45.0
61,6,10,107,0.1,5.1,0,0.87,1,12.0
43,4,14,173,0.07,13.4,125,0.29,0,0.0
113,13,8,110,0.73,2.2,93,0.13,0,0.0
46,5,15,18,0.15,11.5,1,0.86,1,5.0
146,13,10,70,0.33,14.1,20,0.59,1,45.0
126,11,16,62,0.36,10.5,10,0.89,1,8.0
137,3,15,155,0.48,7.7,20,0.94,0,0.0
79,6,7,172,0.06,2.6,156,0.05,0,0.0
80,5,5,72,0.18,14.0,19,0.5,1,45.0
13,0,9,130,0.75,8.1,78,0.37,0,0.0
78,9,18,114,0.73,2.4,50,0.63,0,0.0
149,17,10,13,0.63,11.0,0,0.79,1,42.8
11,0,2,102,0.02,8.3,58,0.28,0,0.0
145,14,15,178,0.26,3.6,86,0.56,0,0.0
141,7,12,37,0.5,4.8,24,0.71,0,0.0
31,1,4,179,0.22,2.8,155,0.13,0,0.0
126,8,10,89,0.73,9.5,0,0.81,1,35.3
9,0,15,85,0.51,10.1,30,0.61,0,0.0
33,0,10,125,0.06,8.6,7,0.95,0,0.0
87,9,5,78,0.73,12.6,43,0.34,1,45.0
140,19,5,107,0.77,13.2,101,0.11,1,45.0
113,5,9,10,0.06,10.0,0,0.51,1,45.0
69,7,3,176,0.43,2.2,161,0.09,0,0.0
90,10,10,105,0.24,11.0,0,0.97,1,10.9
149,2,15,26,0.31,7.4,26,0.04,1,45.0
75,9,10,121,0.14,9.4,29,0.75,0,0.0
49,2,17,100,0.46,10.4,45,0.53,0,0.0
136,10,18,97,0.77,6.6,53,0.37,0,0.0
40,0,17,172,0.4,13.9,161,0.07,0,0.0
74,3,13,179,0.07,3.7,65,0.62,0,0.0
23,2,4,176,0.5,10.7,64,0.59,0,0.0
112,3,12,99,0.27,2.1,72,0.28,0,0.0
95,0,15,58,0.68,14.0,8,0.91,1,8.0
94,8,19,47,0.35,3.5,29,0.3,0,0.0
23,2,6,160,0.15,3.2,97,0.45,0,0.0
43,4,17,159,0.15,6.3,75,0.54,0,0.0
130,5,6,141,0.62,6.9,114,0.1,1,19.5
145,2,4,68,0.21,4.8,17,0.93,0,0.0
130,0,13,77,0.61,9.6,55,0.37,1,7.3
62,3,2,139,0.16,7.8,137,0.08,1,45.0
65,5,10,58,0.26,2.4,39,0.39,0,0.0
131,15,10,135,0.37,6.2,30,0.6,1,4.4
109,6,5,168,0.75,12.5,92,0.51,1,45.0
5,0,4,120,0.75,11.0,37,0.69,0,0.0
135,10,18,177,0.17,11.4,170,0.06,0,0.0
96,12,3,57,0.29,11.1,46,0.28,1,45.0
117,9,2,60,0.12,6.0,30,0.82,1,41.0
60,2,9,52,0.41,3.3,42,0.08,0,0.0
121,8,14,107,0.37,5.5,10,0.86,0,0.0
138,11,16,133,0.72,12.8,112,0.09,1,0.0
62,6,9,89,0.74,14.7,4,0.83,1,17.5
48,5,13,120,0.31,8.4,66,0.36,0,0.0
65,0,13,152,0.39,2.1,40,0.61,0,0.0
51,1,15,36,0.72,3.8,34,0.15,0,0.0
84,0,16,167,0.65,6.2,167,0.07,0,0.0
122,8,16,173,0.0,9.5,156,0.22,0,0.0
24,0,10,122,0.26,3.0,97,0.13,0,0.0
51,6,9,95,0.34,14.3,62,0.31,0,0.0
53,1,7,123,0.18,6.7,72,0.51,0,0.0
18,0,5,133,0.16,13.9,59,0.59,0,0.0
147,14,8,58,0.03,12.1,13,0.79,1,42.3
5,0,5,85,0.51,11.8,26,0.66,0,0.0
121,4,13,64,0.21,9.9,36,0.61,0,0.0
58,6,14,65,0.04,10.1,27,0.41,0,0.0
122,1,4,104,0.18,10.3,59,0.47,1,45.0
7,0,13,53,0.64,10.2,34,0.41,0,0.0
148,12,3,168,0.68,9.2,26,0.84,1,40.3
16,1,3,96,0.39,14.8,81,0.23,0,0.0
78,8,10,93,0.33,11.5,92,0.01,1,5.4
20,1,2,160,0.78,12.1,50,0.65,1,0.0
106,13,9,165,0.16,13.3,132,0.2,1,3.8
121,9,7,25,0.17,4.8,0,0.89,1,17.9
12,0,7,174,0.23,3.1,30,0.86,0,0.0
126,13,19,158,0.14,8.3,154,0.08,0,0.0
96,9,18,154,0.3,8.7,131,0.11,0,0.0
94,13,13,46,0.73,12.8,14,0.5,1,45.0
140,8,7,86,0.49,7.8,27,0.61,1,31.0
64,8,9,156,0.33,9.4,112,0.27,0,0.0
32,1,11,167,0.75,8.9,49,0.72,0,0.0
105,2,2,54,0.04,2.5,38,0.59,1,12.1
45,3,14,155,0.17,10.0,119,0.32,0,0.0
149,15,18,71,0.45,12.8,71,0.03,1,45.0
145,1,4,173,0.49,4.0,44,0.75,0,0.0
50,1,9,109,0.03,9.7,76,0.21,0,0.0
39,2,15,61,0.32,9.7,26,0.83,0,0.0
138,10,4,28,0.52,4.1,13,0.42,1,45.0
86,10,17,118,0.56,3.6,52,0.58,0,0.0
119,12,14,53,0.51,14.7,13,0.87,1,3.9
51,6,18,16,0.26,7.1,2,0.86,1,9.1
14,0,14,126,0.07,5.0,90,0.37,0,0.0
60,0,7,77,0.34,4.2,65,0.21,0,0.0
34,1,18,43,0.1,10.7,19,0.78,0,0.0
113,11,15,78,0.76,9.9,48,0.43,1,0.9
9,0,18,64,0.38,10.4,51,0.19,0,0.0
123,9,9,19,0.25,3.1,2,0.9,1,4.3
37,1,12,51,0.61,13.6,40,0.2,1,0.7
122,10,2,50,0.4,7.1,35,0.03,1,45.0
69,0,8,131,0.25,6.1,118,0.02,0,0.0
15,0,18,147,0.65,8.0,62,0.62,0,0.0
89,1,11,19,0.69,7.1,0,0.66,1,19.7
30,2,12,111,0.54,13.2,72,0.31,0,0.0
67,4,10,137,0.04,14.1,82,0.32,0,0.0
90,10,10,158,0.45,5.9,99,0.34,0,0.0
63,5,6,145,0.61,13.2,44,0.68,1,3.1
31,0,18,101,0.11,12.2,91,0.06,0,0.0
102,11,10,122,0.18,14.1,0,0.93,1,14.9
109,10,18,87,0.71,5.2,65,0.22,0,0.0
103,14,8,94,0.02,9.5,0,1.0,0,0.0
133,14,10,39,0.6,5.6,25,0.17,1,43.6
59,7,8,58,0.38,12.7,20,0.77,1,5.2
10,0,14,18,0.36,2.1,18,0.22,0,0.0
99,9,12,154,0.01,9.3,128,0.08,0,0.0
137,11,15,78,0.66,6.4,25,0.87,0,0.0
106,11,12,67,0.29,6.2,4,0.86,1,10.6
7,0,14,71,0.43,10.4,36,0.4,0,0.0
27,0,15,61,0.54,13.1,9,0.7,0,0.0
57,3,14,49,0.56,9.9,22,0.56,1,3.0
87,6,2,175,0.76,13.1,45,0.85,1,45.0
149,21,9,72,0.43,5.4,33,0.32,1,25.9
89,1,13,156,0.32,8.8,53,0.52,0,0.0
82,9,13,59,0.76,7.9,33,0.49,1,0.0
114,14,9,170,0.51,2.2,115,0.35,0,0.0
5,0,9,150,0.24,9.2,16,0.89,0,0.0
55,6,14,87,0.1,10.6,78,0.17,0,0.0
8,0,13,106,0.67,9.7,78,0.15,0,0.0
117,7,17,52,0.29,11.6,12,0.58,1,21.8
36,3,2,45,0.53,9.4,16,0.66,1,37.7
38,3,14,131,0.38,2.9,123,0.19,0,0.0
96,12,8,117,0.16,3.5,76,0.39,0,0.0
99,13,6,19,0.48,9.8,7,0.95,1,4.8
76,10,9,104,0.05,5.6,67,0.25,0,0.0
43,0,15,15,0.33,3.0,9,0.67,0,0.0
122,16,14,66,0.44,7.6,5,0.74,1,21.4
7,0,16,138,0.35,9.2,93,0.45,0,0.0
127,3,18,80,0.6,6.3,0,0.94,1,4.4
54,4,16,30,0.66,11.4,0,0.74,1,20.1
16,1,19,101,0.62,10.4,40,0.46,0,0.0
58,4,19,136,0.03,6.3,59,0.57,0,0.0
137,15,3,89,0.16,11.8,27,0.69,1,45.0
61,3,5,65,0.43,10.4,41,0.59,1,21.2
149,21,2,125,0.75,10.3,22,0.88,1,45.0
116,14,5,157,0.67,9.2,93,0.36,1,32.8
51,3,19,34,0.67,2.1,32,0.3,0,0.0
89,4,6,165,0.24,11.1,117,0.21,1,26.9
146,15,16,14,0.34,6.9,6,0.04,1,45.0
70,9,9,129,0.38,14.3,124,0.04,0,0.0
79,6,18,30,0.13,12.6,0,0.87,1,18.9
107,12,2,27,0.02,9.6,19,0.68,1,45.0
42,3,13,66,0.76,5.3,45,0.66,0,0.0
54,3,16,102,0.19,4.6,36,0.61,0,0.0
102,12,10,28,0.19,6.4,0,0.85,1,14.9
86,4,8,137,0.07,8.2,69,0.48,0,0.0
34,4,3,106,0.74,5.8,8,0.87,1,5.4
83,2,10,140,0.46,8.7,92,0.36,0,0.0
95,3,11,179,0.53,4.1,0,0.93,1,9.5
56,6,3,30,0.73,14.7,12,0.7,1,45.0
83,3,12,49,0.28,3.4,49,0.26,0,0.0
34,2,14,76,0.5,14.1,13,0.56,1,7.3
110,12,11,162,0.03,13.9,63,0.53,0,0.0
55,1,15,136,0.15,8.8,112,0.14,0,0.0
85,4,19,64,0.66,11.4,31,0.59,0,0.0
137,4,10,118,0.61,7.7,89,0.31,0,0.0
33,2,8,107,0.28,10.2,107,0.05,0,0.0
136,19,4,121,0.3,6.4,0,0.95,1,15.0
142,19,7,124,0.43,5.9,37,0.64,1,8.8
149,5,3,126,0.0,9.5,6,0.88,1,43.9
78,3,7,96,0.19,8.5,30,0.68,1,6.8
21,1,4,90,0.17,9.5,58,0.36,0,0.0
88,5,17,75,0.2,5.7,22,0.51,0,0.0
73,1,9,28,0.64,6.8,4,0.68,1,22.2
38,4,3,144,0.22,3.1,11,0.96,0,0.0
10,0,18,127,0.15,2.7,88,0.25,0,0.0
57,5,10,51,0.4,5.3,4,0.87,1,4.8
130,3,13,51,0.69,3.0,20,0.92,0,0.0
47,5,4,68,0.19,3.3,42,0.67,0,0.0
119,12,12,29,0.06,12.6,0,0.93,1,12.0
115,1,2,82,0.29,2.5,50,0.4,1,45.0
84,10,14,26,0.6,10.6,26,0.95,0,0.0
99,13,16,36,0.44,5.5,15,0.7,0,0.0
122,3,6,11,0.65,13.3,10,0.04,1,45.0
148,21,18,72,0.77,8.3,19,0.91,0,0.0
12,0,7,71,0.63,6.0,38,0.48,0,0.0
136,19,12,109,0.48,8.7,65,0.46,1,0.0
108,3,19,28,0.39,7.0,10,0.57,1,11.7
136,14,5,26,0.03,9.3,24,0.15,1,45.0
29,3,4,78,0.79,3.5,45,0.47,0,0.0
100,8,14,176,0.31,15.0,38,0.83,0,0.0
97,6,10,126,0.12,7.5,119,0.02,0,0.0
65,2,7,90,0.53,6.5,60,0.27,0,0.0
126,5,13,48,0.23,11.2,28,0.0,1,45.0
55,5,3,45,0.47,6.7,22,0.42,1,45.0
25,2,4,177,0.47,12.8,57,0.73,0,0.0
9,0,4,141,0.36,7.9,33,0.8,0,0.0
96,8,13,162,0.67,11.4,0,0.95,1,8.8
65,3,16,167,0.21,3.4,46,0.61,0,0.0
26,0,10,38,0.36,13.0,26,0.25,1,7.0
74,3,9,60,0.43,11.6,13,0.92,0,0.0
5,0,12,161,0.53,4.8,31,0.78,0,0.0
137,17,17,23,0.63,3.9,0,0.57,1,24.4
16,1,5,78,0.32,6.1,17,0.7,0,0.0
94,4,2,155,0.52,14.7,14,0.92,1,45.0
50,3,8,179,0.12,5.3,63,0.71,0,0.0
38,2,3,66,0.75,7.9,39,0.37,1,41.2
82,4,6,21,0.31,2.4,16,0.71,0,0.0
49,5,8,26,0.58,7.2,26,0.04,1,19.0
77,9,5,39,0.02,9.4,12,0.39,1,45.0
30,3,6,97,0.16,14.4,70,0.41,0,0.0
51,4,2,108,0.39,8.7,92,0.17,1,45.0
125,11,2,32,0.7,12.6,19,0.02,1,45.0
60,1,16,138,0.42,9.1,137,0.13,0,0.0
98,12,11,88,0.74,2.5,29,0.65,0,0.0
111,9,19,41,0.39,6.1,0,0.8,1,13.6
67,8,4,18,0.39,9.5,0,0.99,1,10.5
52,1,12,24,0.1,14.4,6,0.35,1,32.6
65,6,16,165,0.64,13.2,59,0.6,0,0.0
85,3,12,161,0.2,5.0,5,0.94,0,0.0
30,2,18,172,0.72,4.9,140,0.17,0,0.0
40,1,18,36,0.73,4.6,7,0.72,0,0.0
5,0,7,118,0.75,14.0,27,0.75,0,0.0
12,0,6,85,0.42,13.1,83,0.09,0,0.0
117,2,9,157,0.54,12.1,14,0.86,1,10.4
103,8,3,74,0.62,7.1,25,0.81,1,36.9
51,4,17,118,0.1,8.6,101,0.03,0,0.0
131,18,13,138,0.48,8.0,131,0.09,0,0.0
60,4,7,19,0.03,5.3,19,0.05,1,21.4
18,1,2,56,0.4,8.6,35,0.33,1,12.4
32,1,5,132,0.12,2.4,66,0.51,0,0.0
82,10,18,68,0.15,3.7,22,0.53,0,0.0
134,19,14,105,0.29,13.5,71,0.27,1,23.9
113,9,19,112,0.35,11.8,25,0.91,0,0.0
18,1,6,133,0.5,7.5,91,0.37,0,0.0
60,1,4,95,0.06,8.7,94,0.05,1,36.5
119,16,12,155,0.4,6.8,89,0.3,0,0.0
11,0,14,121,0.15,11.6,49,0.53,0,0.0
7,0,5,169,0.46,12.2,117,0.41,0,0.0
115,15,15,36,0.51,11.9,30,0.27,1,29.9
111,15,12,27,0.45,11.4,27,0.13,1,45.0
22,1,11,176,0.59,4.7,33,0.82,0,0.0
42,4,19,91,0.27,6.4,0,1.0,0,0.0
119,10,7,81,0.61,8.1,57,0.33,1,43.3
19,1,16,63,0.35,6.3,23,0.38,0,0.0
123,0,11,171,0.39,11.8,49,0.62,1,11.6
32,2,6,80,0.52,6.3,15,0.72,0,0.0
43,4,6,173,0.01,3.8,107,0.39,0,0.0
21,2,11,155,0.52,7.2,0,0.9,1,8.9
90,9,6,47,0.49,14.7,21,0.56,1,45.0
130,14,4,146,0.25,4.9,70,0.45,1,20.0
48,1,7,44,0.07,10.0,6,0.65,1,29.9
29,3,5,91,0.07,7.6,17,0.95,0,0.0
149,16,19,142,0.74,2.9,29,0.79,0,0.0
17,0,10,151,0.55,8.3,135,0.04,0,0.0
29,2,18,167,0.1,11.1,113,0.33,0,0.0
72,0,14,13,0.29,8.7,0,0.47,1,29.8
142,14,16,176,0.47,13.3,124,0.31,0,0.0
71,4,18,162,0.67,5.8,59,0.7,0,0.0
113,9,14,165,0.03,3.1,35,0.83,0,0.0
115,6,17,159,0.19,14.2,64,0.73,0,0.0
115,1,5,168,0.71,6.9,0,0.99,1,7.4
38,1,6,32,0.01,9.5,24,0.27,1,33.6
115,3,6,57,0.16,12.3,0,0.87,1,23.9
12,0,10,157,0.77,6.2,34,0.77,0,0.0
117,11,18,134,0.49,11.3,85,0.36,0,0.0
87,2,14,175,0.21,3.8,69,0.73,0,0.0
46,1,3,64,0.05,5.8,56,0.1,1,25.4
105,10,14,77,0.02,3.9,15,0.79,0,0.0
10,0,4,97,0.2,12.5,55,0.53,0,0.0
30,3,11,10,0.71,4.9,6,0.29,1,7.6
68,1,3,144,0.33,11.3,67,0.66,1,30.4
63,2,14,104,0.58,14.3,43,0.64,0,0.0
113,11,18,149,0.73,8.9,126,0.21,0,0.0
125,2,15,115,0.33,9.0,92,0.03,0,0.0
37,1,13,142,0.15,8.0,100,0.43,0,0.0
25,2,13,117,0.41,6.2,43,0.57,0,0.0
74,0,12,51,0.73,8.2,6,0.88,1,2.3
116,1,8,111,0.64,9.8,1,0.93,1,12.2
8,0,5,133,0.05,14.8,52,0.53,0,0.0
98,0,2,149,0.55,14.2,24,0.75,1,45.0
79,1,4,112,0.46,13.2,63,0.44,1,45.0
66,5,14,155,0.73,13.6,19,0.75,1,7.2
98,13,16,83,0.1,8.1,63,0.2,0,0.0
99,3,3,117,0.43,10.5,84,0.37,1,45.0
59,5,12,131,0.7,13.6,54,0.63,0,0.0
141,9,5,26,0.33,7.1,26,0.02,1,45.0
135,9,18,80,0.39,14.5,13,0.72,1,25.9
35,0,4,71,0.06,7.4,0,0.84,1,18.8
44,4,19,50,0.22,9.8,40,0.4,0,0.0
40,0,9,128,0.26,11.2,66,0.45,0,0.0
10,0,6,171,0.76,14.4,24,0.85,0,0.0
70,5,8,54,0.23,5.2,10,0.78,0,0.0
79,9,9,67,0.37,11.7,54,0.29,1,31.9
8,0,6,135,0.54,8.8,109,0.32,0,0.0
83,4,18,171,0.13,5.5,69,0.68,0,0.0
138,15,6,53,0.39,12.1,0,0.56,1,45.0
122,12,5,24,0.59,9.2,17,0.16,1,45.0
117,10,3,87,0.69,10.6,46,0.31,1,45.0
98,10,12,79,0.5,6.2,17,0.9,0,0.0
66,8,14,110,0.54,8.3,34,0.69,0,0.0
83,1,16,169,0.1,10.0,8,0.99,0,0.0
140,1,13,12,0.76,7.3,0,0.77,1,24.9
30,3,12,95,0.11,4.6,0,0.94,0,0.0
48,0,8,83,0.62,14.5,56,0.22,1,25.3
137,11,6,60,0.21,8.6,0,0.77,1,42.1
74,9,18,76,0.75,11.5,61,0.02,0,0.0
122,8,10,85,0.58,7.3,13,0.67,1,18.6
72,9,15,102,0.6,6.6,43,0.47,0,0.0
23,0,13,154,0.18,7.3,89,0.35,0,0.0
24,1,7,16,0.35,7.3,6,0.86,0,0.0
117,15,18,22,0.49,9.1,6,0.85,1,9.7
144,19,17,129,0.62,9.1,129,0.02,0,0.0
51,6,13,75,0.08,8.5,41,0.61,0,0.0
5,0,13,13,0.77,3.8,7,0.37,0,0.0
94,11,7,147,0.71,8.4,78,0.42,0,0.0
146,1,5,97,0.22,4.2,38,0.83,0,0.0
68,0,7,26,0.66,3.6,26,0.31,1,5.2
42,2,12,61,0.41,14.1,4,0.94,0,0.0
41,3,2,143,0.37,9.9,118,0.18,1,45.0
130,3,16,78,0.25,10.6,29,0.66,0,0.0
143,1,12,146,0.46,7.2,45,0.67,0,0.0
104,14,19,30,0.58,13.8,23,0.25,1,43.8
81,8,18,33,0.33,10.3,27,0.32,1,8.4
7,0,15,13,0.5,12.0,0,0.83,0,0.0
138,13,19,161,0.56,6.8,22,0.76,0,0.0
14,1,16,12,0.57,14.5,0,0.33,1,17.0
9,0,16,77,0.04,12.7,44,0.53,0,0.0
142,14,5,110,0.69,13.1,87,0.06,1,45.0
134,11,8,177,0.37,4.2,144,0.21,0,0.0
17,0,14,63,0.21,5.5,20,0.49,0,0.0
134,19,4,44,0.19,5.7,28,0.09,1,45.0
88,12,17,65,0.39,5.5,3,0.84,1,6.4
69,6,10,117,0.71,13.1,34,0.72,1,0.0
67,7,9,49,0.3,2.4,0,0.94,1,8.6
105,4,14,77,0.6,3.0,17,0.69,0,0.0
77,9,18,55,0.08,5.6,3,0.94,0,0.0
21,1,18,87,0.38,4.6,26,0.55,0,0.0
13,0,18,150,0.79,5.0,74,0.6,0,0.0
147,13,2,164,0.62,12.4,0,0.98,1,26.2
42,4,9,15,0.17,9.3,3,0.64,1,18.8
98,1,7,26,0.4,2.1,26,0.03,1,8.3
99,7,4,173,0.19,7.6,34,0.72,1,16.5
53,5,6,108,0.33,7.3,9,0.91,0,0.0
73,1,14,90,0.62,3.5,19,0.8,0,0.0
66,5,16,11,0.62,10.8,0,0.58,1,23.4
82,7,15,86,0.18,11.1,27,0.67,0,0.0
121,5,17,75,0.74,11.4,6,0.99,0,0.0
124,3,19,61,0.47,11.5,50,0.09,1,15.8
141,12,12,101,0.3,2.0,41,0.67,0,0.0
80,3,4,31,0.4,14.4,26,0.28,1,45.0
39,4,11,120,0.48,12.6,37,0.64,0,0.0
5,0,11,116,0.45,13.8,56,0.61,0,0.0
44,3,17,76,0.39,2.2,56,0.15,0,0.0
68,7,13,149,0.4,14.1,126,0.21,0,0.0
64,8,3,78,0.14,12.5,22,0.62,1,45.0
68,0,10,93,0.65,12.9,77,0.13,1,3.9
97,12,4,112,0.43,3.2,80,0.27,0,0.0
76,3,16,48,0.1,11.6,11,0.84,0,0.0
15,1,4,22,0.61,14.5,0,0.33,1,37.8
109,1,19,50,0.75,10.8,30,0.49,1,5.8
18,1,9,66,0.76,9.4,2,0.94,0,0.0
64,2,18,21,0.3,14.3,19,0.23,1,25.7
34,4,9,22,0.11,7.8,18,0.39,1,1.3
39,2,8,129,0.41,9.8,54,0.61,0,0.0
9,0,8,106,0.09,8.2,5,0.76,0,0.0
87,10,4,66,0.75,14.1,0,0.9,1,45.0
127,4,2,49,0.15,3.0,7,0.92,1,17.2
82,3,5,127,0.2,8.5,30,0.78,1,9.3
66,4,6,89,0.33,10.9,60,0.23,1,45.0
136,7,2,137,0.31,12.3,137,0.02,1,45.0
93,2,16,44,0.64,9.6,24,0.38,1,16.0
46,5,6,12,0.37,13.8,12,0.14,1,45.0
93,6,14,129,0.14,14.2,49,0.71,0,0.0
44,5,9,14,0.21,2.8,7,0.66,0,0.0
76,5,9,20,0.41,7.2,20,0.04,1,45.0
43,3,6,135,0.12,2.3,15,0.84,0,0.0
108,15,10,80,0.49,6.3,69,0.25,0,0.0
18,0,2,126,0.45,9.0,73,0.43,0,0.0
36,4,5,147,0.57,13.8,45,0.67,0,0.0
129,13,4,115,0.75,13.0,53,0.43,1,45.0
101,12,3,125,0.73,3.7,64,0.44,1,5.5
27,2,9,171,0.76,3.2,148,0.07,0,0.0
67,0,10,76,0.2,9.7,53,0.4,0,0.0
147,8,3,40,0.11,8.9,21,0.76,1,45.0
149,21,15,84,0.24,5.5,16,0.92,0,0.0
57,6,15,80,0.72,13.7,71,0.41,0,0.0
108,11,5,75,0.78,14.1,38,0.42,1,45.0
108,1,7,79,0.69,7.2,29,0.7,1,6.0
43,4,12,50,0.09,13.6,0,0.94,1,5.2
138,12,4,169,0.76,7.0,121,0.27,1,45.0
71,3,9,29,0.34,11.6,1,0.44,1,45.0
139,7,4,162,0.01,8.2,38,0.8,1,28.8
46,2,15,149,0.35,3.6,54,0.61,0,0.0
19,1,14,48,0.04,14.1,22,0.11,0,0.0
115,14,14,154,0.44,7.9,50,0.63,0,0.0
37,2,3,54,0.27,11.5,54,0.19,1,45.0
42,0,14,148,0.38,6.8,76,0.51,0,0.0
101,4,7,79,0.49,2.2,44,0.53,0,0.0
37,2,17,134,0.7,3.3,17,0.88,0,0.0
90,0,3,160,0.53,8.5,84,0.46,1,45.0
70,2,9,100,0.35,11.0,72,0.28,0,0.0
14,1,18,79,0.66,6.4,63,0.23,0,0.0
9,0,3,175,0.72,11.0,11,0.87,0,0.0
127,7,11,139,0.1,11.1,122,0.17,0,0.0
78,10,17,93,0.43,11.2,64,0.43,0,0.0
101,3,7,98,0.23,8.4,77,0.19,1,19.5
122,2,3,88,0.04,13.9,14,0.77,1,45.0
42,4,3,122,0.53,8.4,56,0.47,1,9.2
145,8,14,102,0.69,7.9,83,0.35,0,0.0
51,4,16,81,0.13,4.6,47,0.36,0,0.0
113,5,3,174,0.65,6.0,32,0.85,1,3.4
19,0,8,58,0.68,2.6,23,0.55,0,0.0
140,1,4,61,0.73,10.2,14,0.72,1,45.0
9,0,9,42,0.21,5.2,0,0.9,0,0.0
51,4,15,31,0.72,6.0,0,0.9,1,7.9
72,4,8,123,0.26,12.0,89,0.33,0,0.0
80,11,8,142,0.44,6.3,0,0.95,1,10.4
134,7,2,27,0.04,5.1,27,0.02,1,45.0
99,6,18,175,0.04,4.2,109,0.38,0,0.0
119,0,10,127,0.58,12.1,20,0.9,1,1.4
40,3,14,126,0.36,3.7,85,0.27,0,0.0
30,3,18,46,0.21,7.9,44,0.27,0,0.0
47,6,11,73,0.15,8.6,49,0.3,0,0.0
31,3,11,147,0.54,10.9,82,0.61,0,0.0
73,6,5,88,0.0,10.2,33,0.44,1,45.0
15,0,9,179,0.64,12.5,73,0.73,0,0.0
78,5,19,132,0.06,2.6,12,0.89,0,0.0
108,7,15,53,0.15,5.9,19,0.67,0,0.0
42,2,19,91,0.31,5.6,66,0.2,0,0.0
138,15,15,96,0.39,3.9,0,0.93,1,6.8
27,2,16,25,0.28,5.8,13,0.26,0,0.0
51,3,5,63,0.26,6.0,49,0.15,1,11.9
94,13,14,111,0.77,8.8,102,0.09,0,0.0
50,2,9,172,0.51,10.6,86,0.56,0,0.0
111,0,19,107,0.02,7.0,96,0.11,0,0.0
144,20,13,165,0.34,11.4,144,0.14,0,0.0
145,14,15,11,0.7,6.4,11,0.3,1,45.0
108,0,3,103,0.24,5.8,56,0.28,1,45.0
115,16,19,150,0.08,9.0,42,0.6,0,0.0
108,1,3,178,0.61,2.3,17,0.82,1,7.5
64,3,12,68,0.48,3.0,12,0.76,0,0.0
104,5,10,78,0.46,7.4,38,0.26,1,31.7
72,7,13,128,0.04,14.3,89,0.25,0,0.0
137,15,18,101,0.11,11.4,0,0.97,1,8.2
124,0,16,54,0.5,3.1,54,0.01,0,0.0
41,2,18,157,0.17,13.0,23,0.88,0,0.0
76,2,19,33,0.4,11.5,23,0.2,1,16.8
131,4,7,100,0.44,9.9,0,0.95,1,17.5
110,10,18,103,0.23,12.7,65,0.34,0,0.0
96,11,19,67,0.76,7.3,40,0.44,0,0.0
35,3,9,164,0.67,4.9,56,0.71,0,0.0
126,12,10,163,0.58,8.7,84,0.59,0,0.0
141,19,7,137,0.06,9.1,104,0.32,0,0.0
55,0,6,16,0.08,9.0,8,0.55,1,37.7
33,2,13,179,0.39,9.3,45,0.73,0,0.0
44,3,12,56,0.13,14.3,46,0.04,1,4.1
45,2,2,62,0.78,13.7,62,0.01,1,45.0
15,1,12,47,0.13,13.4,27,0.46,0,0.0
5,0,10,62,0.39,12.4,60,0.13,0,0.0
50,2,3,152,0.29,14.3,45,0.66,1,39.7
105,5,13,163,0.51,3.3,115,0.21,0,0.0
94,10,5,57,0.1,5.4,28,0.43,1,45.0
114,12,5,104,0.34,8.4,80,0.2,1,45.0
61,8,19,156,0.22,13.0,72,0.55,0,0.0
5,0,16,146,0.71,8.6,121,0.12,0,0.0
67,5,14,73,0.03,11.7,71,0.02,0,0.0
59,3,18,102,0.73,3.8,102,0.05,0,0.0
119,14,7,134,0.67,5.3,0,0.95,1,10.7
147,20,17,48,0.24,11.5,20,0.14,1,45.0
57,4,13,13,0.63,4.1,13,0.71,0,0.0
141,10,6,135,0.02,6.6,111,0.07,0,0.0
61,2,18,12,0.77,5.4,6,0.11,1,19.7
121,7,2,73,0.42,6.5,41,0.51,1,45.0
39,3,11,38,0.24,11.2,19,0.46,1,5.3
67,7,16,125,0.29,6.8,5,0.95,0,0.0
29,1,12,20,0.05,9.2,1,0.94,0,0.0
94,9,14,106,0.79,3.3,48,0.78,0,0.0
79,2,6,111,0.03,12.5,61,0.6,0,0.0
42,1,2,164,0.52,6.8,82,0.45,1,5.7
134,10,13,30,0.35,10.4,29,0.36,1,45.0
139,12,12,48,0.76,11.4,7,0.95,1,3.0
95,11,18,111,0.2,4.7,43,0.6,0,0.0
21,0,5,55,0.43,13.5,14,0.58,1,14.9
132,18,16,75,0.39,10.0,62,0.23,1,7.5
112,15,10,100,0.56,7.6,92,0.05,1,0.0
29,2,13,173,0.05,4.4,5,0.95,0,0.0
92,2,6,120,0.16,14.2,74,0.31,1,45.0
33,3,11,91,0.17,11.8,60,0.44,0,0.0
67,6,18,132,0.59,4.7,109,0.11,0,0.0
118,13,6,108,0.15,6.4,9,0.84,1,9.5
53,2,17,44,0.46,12.5,44,0.03,1,0.0
85,9,8,168,0.17,11.0,26,0.83,0,0.0
88,9,10,165,0.69,12.0,140,0.14,0,0.0
109,10,4,112,0.75,7.7,23,0.89,1,5.2
122,10,16,138,0.41,11.3,50,0.73,0,0.0
90,5,17,34,0.28,7.0,7,0.16,1,39.2
67,1,19,52,0.19,4.7,21,0.57,0,0.0
108,10,15,93,0.04,10.2,49,0.31,1,9.7
53,2,4,60,0.21,14.7,45,0.18,1,45.0
75,5,13,139,0.52,6.0,19,0.86,0,0.0
5,0,10,135,0.43,8.0,76,0.4,0,0.0
145,13,8,78,0.76,10.8,36,0.4,1,45.0
127,5,10,18,0.32,9.0,4,0.17,1,45.0
66,0,14,11,0.56,13.0,11,0.38,1,43.0
36,1,19,171,0.39,11.9,37,0.87,0,0.0
33,3,6,168,0.41,2.8,86,0.36,0,0.0
53,0,14,19,0.21,15.0,0,0.95,1,9.5
34,2,5,123,0.36,11.8,13,0.95,0,0.0
148,7,3,85,0.38,13.2,72,0.14,1,45.0
23,2,17,173,0.57,10.5,131,0.18,0,0.0
22,1,10,94,0.75,13.1,8,0.86,0,0.0
5,0,10,58,0.26,3.5,38,0.39,0,0.0
82,7,7,79,0.03,6.5,75,0.0,0,0.0
119,6,12,140,0.4,13.4,101,0.27,1,1.1
117,10,2,142,0.44,4.6,56,0.6,1,45.0
118,6,5,99,0.13,3.0,14,0.8,1,4.1
67,3,14,35,0.61,12.2,35,0.13,1,21.5
136,11,14,81,0.79,12.9,67,0.11,1,45.0
133,5,14,14,0.76,4.1,0,0.92,1,11.3
12,0,3,24,0.16,13.1,24,0.75,0,0.0
59,5,10,132,0.7,10.9,53,0.59,0,0.0
107,11,9,153,0.56,8.8,9,0.77,1,21.7
135,10,8,10,0.36,12.8,10,0.43,1,45.0
36,2,5,153,0.43,7.5,49,0.76,0,0.0
14,0,19,174,0.68,4.5,113,0.37,0,0.0
114,4,4,12,0.38,5.7,12,0.24,1,45.0
128,13,7,56,0.3,8.6,36,0.73,1,9.7
91,4,13,104,0.39,8.9,50,0.42,0,0.0
59,7,13,22,0.46,12.5,1,0.98,0,0.0
36,0,9,129,0.15,12.3,103,0.35,0,0.0
139,12,2,64,0.72,9.6,26,0.92,1,26.0
97,8,5,158,0.54,12.2,6,0.93,1,15.2
12,0,12,75,0.51,4.5,75,0.24,0,0.0
69,5,4,164,0.08,2.7,41,0.8,0,0.0
61,5,14,175,0.48,13.4,114,0.43,0,0.0
71,8,18,99,0.1,3.0,15,0.92,0,0.0
76,3,11,71,0.06,5.2,42,0.45,0,0.0
58,5,13,111,0.42,11.0,50,0.74,0,0.0
71,3,16,148,0.32,7.3,73,0.47,0,0.0
55,2,11,17,0.47,13.4,17,0.23,1,45.0
101,0,15,106,0.07,5.9,105,0.2,0,0.0
96,6,14,126,0.34,2.2,86,0.43,0,0.0
12,0,6,73,0.14,5.9,17,0.76,0,0.0
39,1,7,30,0.79,9.5,14,0.61,1,14.0
100,10,3,124,0.45,6.9,25,0.69,1,28.7
92,11,18,94,0.55,9.0,62,0.28,0,0.0
82,5,5,29,0.26,13.4,21,0.48,1,45.0
36,0,15,17,0.08,13.9,1,0.04,1,45.0
124,12,11,67,0.78,5.5,9,0.82,1,7.7
50,6,4,55,0.23,8.0,20,0.99,0,0.0
148,17,4,40,0.34,9.1,22,0.41,1,45.0
146,10,16,102,0.52,14.3,102,0.01,1,45.0
59,6,7,18,0.02,15.0,18,0.17,1,45.0
11,0,18,24,0.65,5.1,5,0.65,0,0.0
78,8,13,103,0.43,11.5,38,0.61,0,0.0
11,0,12,163,0.22,6.9,36,0.79,0,0.0
89,9,5,147,0.05,2.1,89,0.25,0,0.0
116,0,7,38,0.13,2.1,18,0.76,0,0.0
129,3,2,89,0.72,8.0,26,0.69,1,45.0
40,5,17,45,0.55,8.3,40,0.32,0,0.0
33,1,16,93,0.2,2.3,46,0.55,0,0.0
86,2,18,118,0.05,10.9,98,0.15,0,0.0
6,0,9,127,0.55,5.8,71,0.45,0,0.0
133,16,13,46,0.46,9.3,7,0.88,1,5.2
51,2,11,95,0.32,5.9,69,0.42,0,0.0
15,1,16,80,0.29,4.2,13,0.84,0,0.0
134,13,10,160,0.17,7.3,68,0.59,0,0.0
123,12,3,178,0.54,5.0,131,0.19,1,24.2
144,14,6,102,0.78,9.0,42,0.58,1,45.0
24,1,7,89,0.14,4.6,58,0.51,0,0.0
9,0,8,111,0.48,8.6,71,0.4,0,0.0
41,0,2,165,0.34,4.0,134,0.12,0,0.0
141,18,8,175,0.36,10.7,92,0.42,1,24.7
57,5,13,168,0.2,11.8,148,0.07,0,0.0
103,9,17,23,0.66,3.4,23,0.1,1,4.5
90,10,17,126,0.39,8.1,82,0.42,0,0.0
112,14,12,82,0.43,2.9,22,0.31,0,0.0
28,0,5,100,0.24,9.8,6,0.93,0,0.0
85,5,14,99,0.15,5.4,63,0.38,0,0.0
124,5,8,38,0.07,8.9,0,0.76,1,45.0
63,6,5,58,0.57,8.7,23,0.53,1,44.1
132,9,16,81,0.16,14.0,37,0.7,0,0.0
118,6,10,142,0.55,9.1,109,0.26,1,0.0
119,16,12,51,0.31,9.6,0,0.94,1,10.0
18,1,9,144,0.33,7.2,65,0.53,0,0.0
13,0,2,51,0.38,14.3,6,0.83,1,11.1
44,0,9,173,0.29,12.1,112,0.37,0,0.0
29,0,14,114,0.08,5.7,88,0.1,0,0.0
107,9,5,36,0.25,13.0,5,0.67,1,45.0
26,1,9,67,0.53,7.6,67,0.01,0,0.0
8,0,4,55,0.53,12.8,28,0.48,0,0.0
33,0,10,75,0.23,12.7,52,0.19,0,0.0
113,6,3,34,0.37,4.5,4,0.63,1,45.0
102,12,3,82,0.15,11.1,8,0.98,0,0.0
41,1,14,126,0.17,5.8,62,0.46,0,0.0
79,5,16,164,0.02,5.9,35,0.82,0,0.0
74,10,13,138,0.72,5.9,61,0.51,0,0.0
132,0,5,96,0.17,11.4,37,0.5,1,45.0
89,0,9,83,0.18,5.0,8,0.93,0,0.0
46,3,10,179,0.22,2.0,18,0.89,0,0.0
104,4,6,162,0.1,11.3,41,0.79,1,4.5
45,3,19,134,0.51,4.2,103,0.3,0,0.0
38,1,12,76,0.06,3.4,30,0.55,0,0.0
21,0,16,15,0.11,5.1,15,0.22,0,0.0
126,3,10,134,0.52,6.9,70,0.44,0,0.0
80,10,18,67,0.27,8.2,40,0.48,0,0.0
91,5,13,79,0.57,2.6,15,0.83,0,0.0
121,3,8,62,0.45,14.6,0,0.9,1,25.4
110,0,11,75,0.2,11.3,36,0.41,1,29.4
90,6,11,67,0.52,6.2,67,0.02,0,0.0
31,1,14,91,0.09,6.1,24,0.86,0,0.0
61,1,12,96,0.43,7.8,88,0.17,0,0.0
35,0,14,11,0.35,10.1,0,0.62,1,16.5
138,2,9,159,0.21,3.9,146,0.02,0,0.0
102,7,9,46,0.48,4.5,20,0.4,1,16.7
16,0,5,157,0.7,13.2,0,0.99,0,0.0
57,7,16,112,0.8,5.3,82,0.1,0,0.0
142,18,12,33,0.49,6.9,26,0.42,1,23.3
149,3,12,121,0.32,13.3,79,0.31,1,45.0
126,17,2,74,0.18,10.6,11,0.91,1,45.0
50,3,18,138,0.21,6.4,14,0.87,0,0.0
68,8,16,126,0.38,10.9,95,0.24,0,0.0
134,17,7,125,0.29,2.3,107,0.08,0,0.0
58,3,16,114,0.73,11.6,42,0.63,0,0.0
111,11,10,12,0.29,8.3,0,0.34,1,41.6
55,4,15,55,0.3,12.6,17,0.67,0,0.0
40,2,19,64,0.31,14.4,64,0.03,0,0.0
119,14,18,84,0.67,14.0,78,0.13,1,6.3
30,2,19,54,0.52,13.8,19,0.69,0,0.0
33,2,6,163,0.49,8.7,115,0.21,0,0.0
15,0,10,86,0.27,6.7,17,0.86,0,0.0
44,3,12,33,0.65,8.0,33,0.06,0,0.0
15,0,2,44,0.03,11.0,37,0.22,1,21.0
117,16,19,33,0.7,13.5,2,1.0,0,0.0
43,5,7,37,0.41,4.7,19,0.43,1,0.0
58,1,3,25,0.32,13.9,13,0.7,1,45.0
102,6,16,68,0.4,12.6,68,0.18,0,0.0
59,0,15,153,0.53,14.7,62,0.61,0,0.0
115,3,6,24,0.01,13.4,0,0.73,1,45.0
73,5,7,20,0.7,5.6,4,0.31,1,45.0
60,1,7,88,0.36,3.4,22,0.83,0,0.0
37,3,19,124,0.27,3.5,39,0.6,0,0.0
40,3,15,77,0.11,5.8,49,0.39,0,0.0
85,3,11,52,0.35,10.0,19,0.56,1,23.3
113,1,15,78,0.4,12.5,22,0.58,1,18.5
77,9,14,150,0.32,13.7,133,0.17,0,0.0
44,4,4,147,0.54,10.1,94,0.4,0,0.0
21,2,7,84,0.34,2.1,41,0.34,0,0.0
133,6,9,112,0.77,4.4,71,0.4,0,0.0
65,0,13,50,0.48,3.3,15,0.76,0,0.0
108,14,14,68,0.65,6.7,43,0.48,0,0.0
46,1,12,48,0.09,8.5,4,0.94,0,0.0
29,1,13,12,0.32,2.6,12,0.29,0,0.0
43,1,2,16,0.27,6.5,8,0.42,1,45.0
39,4,18,58,0.46,4.3,9,0.79,0,0.0
135,5,17,35,0.69,10.4,6,0.55,1,45.0
112,5,12,170,0.06,8.0,67,0.55,0,0.0
106,11,14,110,0.06,8.4,93,0.05,0,0.0
102,7,19,88,0.68,7.6,55,0.4,0,0.0
16,1,12,11,0.17,14.4,5,0.27,1,12.0
23,1,13,136,0.54,4.8,3,1.0,0,0.0
105,2,7,169,0.43,8.7,104,0.31,0,0.0
48,4,10,141,0.67,11.6,7,0.88,0,0.0
53,1,17,29,0.1,9.2,0,0.68,1,18.2
21,2,5,126,0.1,14.1,104,0.34,0,0.0
78,4,4,173,0.45,6.9,77,0.54,1,0.0
61,8,17,41,0.76,8.0,5,0.84,1,6.3
59,1,13,37,0.33,3.2,3,0.88,0,0.0
51,0,12,86,0.26,9.9,86,0.16,0,0.0
16,1,6,10,0.49,5.7,0,0.34,1,21.8
66,4,19,65,0.74,4.1,42,0.34,0,0.0
84,11,7,44,0.67,9.1,25,0.04,1,45.0
87,5,19,121,0.8,8.9,24,0.6,1,0.0
12,0,7,39,0.02,3.0,0,0.85,0,0.0
85,10,5,63,0.09,11.1,43,0.38,1,45.0
122,6,13,45,0.49,10.1,3,0.74,1,30.7
29,0,3,89,0.66,4.5,37,0.63,0,0.0
93,5,18,67,0.23,8.1,42,0.38,0,0.0
16,0,12,92,0.19,11.4,77,0.14,0,0.0
147,11,12,74,0.63,8.9,34,0.71,1,7.0
63,6,17,78,0.05,7.1,5,0.85,0,0.0
113,12,3,137,0.3,6.2,46,0.69,1,27.8
30,0,3,60,0.4,9.9,40,0.02,1,45.0
51,2,9,31,0.45,14.2,25,0.22,1,45.0
36,4,14,116,0.58,10.7,105,0.07,0,0.0
14,0,11,118,0.28,3.0,38,0.57,0,0.0
20,1,9,125,0.49,8.0,34,0.76,0,0.0
149,19,5,110,0.47,13.6,90,0.11,1,45.0
30,2,16,109,0.44,3.2,34,0.84,0,0.0
90,4,2,173,0.51,14.9,52,0.56,1,45.0
139,11,12,77,0.21,14.3,26,0.69,1,45.0
18,1,8,45,0.07,3.0,1,0.97,0,0.0
83,1,18,178,0.1,14.1,160,0.08,0,0.0
121,2,19,155,0.18,6.7,10,0.9,0,0.0
11,0,13,31,0.4,13.0,27,0.13,0,0.0
141,6,10,75,0.67,7.4,56,0.39,1,17.2
119,10,6,30,0.56,7.7,0,0.85,1,21.5
76,1,11,109,0.63,10.2,2,0.91,1,12.2
63,5,5,137,0.28,12.1,57,0.51,1,35.8
86,4,6,53,0.32,2.4,10,0.59,1,13.5
120,0,11,112,0.31,9.7,36,0.71,0,0.0
107,11,12,56,0.15,4.4,15,0.83,0,0.0
21,2,11,48,0.05,6.5,48,0.12,0,0.0
18,0,9,38,0.47,6.5,13,0.81,0,0.0
112,9,3,63,0.79,8.1,39,0.48,1,45.0
49,2,9,99,0.13,6.3,40,0.45,0,0.0
102,3,17,94,0.04,3.4,68,0.42,0,0.0
135,17,6,26,0.62,3.9,10,0.51,1,33.2
41,3,4,89,0.2,2.4,15,0.95,0,0.0
112,0,13,168,0.66,8.1,62,0.55,0,0.0
43,1,14,82,0.56,14.4,1,0.95,1,8.6
19,0,14,58,0.76,3.5,56,0.18,0,0.0
124,1,11,110,0.33,14.3,30,0.72,1,24.6
8,0,5,11,0.53,11.5,0,0.81,1,6.3
97,11,10,151,0.37,10.3,61,0.68,0,0.0
145,5,3,68,0.5,10.4,15,0.61,1,45.0
20,1,2,106,0.36,12.7,45,0.56,1,11.0
112,8,8,108,0.15,3.4,21,0.86,0,0.0
130,15,18,112,0.41,8.6,40,0.82,0,0.0
59,6,4,11,0.42,11.1,5,0.12,1,45.0
38,3,4,50,0.65,9.6,4,0.85,1,15.6
17,1,4,132,0.59,12.8,72,0.41,0,0.0
145,18,18,91,0.53,2.9,70,0.25,0,0.0
22,2,8,153,0.09,11.0,25,0.87,0,0.0
100,0,15,141,0.58,8.9,91,0.43,0,0.0
127,8,18,149,0.4,6.9,36,0.81,0,0.0
43,1,19,38,0.72,6.4,23,0.26,0,0.0
50,4,14,144,0.74,10.1,144,0.0,0,0.0
33,1,19,23,0.04,13.6,12,0.5,0,0.0
66,4,5,21,0.66,8.5,21,0.1,1,45.0
20,2,2,108,0.03,12.7,34,0.75,0,0.0
125,4,19,142,0.29,7.2,119,0.28,0,0.0
14,1,2,90,0.43,3.3,46,0.44,0,0.0
107,4,14,115,0.12,2.8,99,0.09,0,0.0
88,10,11,41,0.6,2.7,33,0.29,0,0.0
137,9,12,83,0.01,6.9,29,0.78,0,0.0
69,6,10,90,0.13,6.4,76,0.15,0,0.0
7,0,10,78,0.46,11.3,39,0.65,0,0.0
146,14,6,54,0.57,11.7,11,0.92,1,27.9
124,6,2,115,0.73,2.7,34,0.68,1,26.3
72,2,18,146,0.56,4.9,33,0.81,0,0.0
41,2,3,170,0.54,5.6,147,0.11,0,0.0
77,9,14,109,0.32,9.1,84,0.25,0,0.0
147,14,10,155,0.0,3.9,5,0.89,0,0.0
53,2,5,18,0.1,3.7,4,0.72,1,15.0
125,5,6,71,0.43,14.3,35,0.64,1,45.0
92,11,12,38,0.54,12.5,20,0.66,1,21.6
144,14,4,134,0.33,4.3,84,0.41,0,0.0
41,5,13,123,0.58,7.3,120,0.04,0,0.0
65,2,14,162,0.42,6.6,36,0.78,0,0.0
128,2,8,152,0.06,12.3,36,0.68,1,38.0
43,1,16,143,0.15,8.6,73,0.47,0,0.0
67,3,8,129,0.67,3.7,14,0.9,0,0.0
50,6,9,179,0.58,11.6,107,0.34,0,0.0
92,3,6,166,0.72,7.2,99,0.29,1,0.0
15,0,15,88,0.09,5.4,22,0.87,0,0.0
66,4,5,102,0.79,6.9,21,0.8,1,5.1
81,2,11,13,0.17,8.5,8,0.51,1,27.7
56,4,16,91,0.01,6.5,84,0.13,0,0.0
8,0,19,84,0.8,5.1,56,0.22,0,0.0
63,7,14,23,0.22,7.2,3,0.66,1,12.9
76,6,9,140,0.53,2.2,101,0.39,0,0.0
97,12,10,123,0.14,12.0,15,0.84,0,0.0
67,2,17,71,0.46,4.2,0,0.95,0,0.0
58,7,17,115,0.72,2.6,15,0.81,0,0.0
121,8,8,73,0.26,10.5,38,0.38,1,45.0
114,13,15,111,0.54,12.1,34,0.79,0,0.0
78,4,15,115,0.15,12.6,49,0.35,0,0.0
111,8,5,29,0.5,8.4,19,0.17,1,45.0
61,6,16,67,0.27,4.7,67,0.03,0,0.0
7,0,4,121,0.17,11.6,91,0.39,0,0.0
124,14,6,66,0.25,11.1,0,0.9,1,37.0
10,0,2,128,0.14,5.2,84,0.24,0,0.0
9,0,4,106,0.72,13.7,75,0.21,0,0.0
9,0,16,101,0.32,3.4,10,0.97,0,0.0
58,6,9,61,0.2,14.8,60,0.03,1,32.9
51,5,5,46,0.36,13.2,0,0.79,1,38.7
13,0,3,17,0.26,10.9,12,0.32,1,32.3
103,1,11,53,0.6,14.2,53,0.04,1,45.0
24,0,5,107,0.78,11.4,11,0.92,0,0.0
126,16,4,142,0.35,4.5,123,0.14,1,7.2
65,4,3,127,0.69,7.7,59,0.55,1,31.6
127,11,18,78,0.45,2.9,60,0.27,0,0.0
86,0,14,168,0.13,7.1,144,0.07,0,0.0
66,7,6,54,0.55,11.6,48,0.05,1,45.0
149,16,10,146,0.41,7.0,127,0.12,0,0.0
7,0,7,41,0.52,6.3,33,0.07,0,0.0
17,0,6,42,0.71,9.7,16,0.76,0,0.0
124,17,11,135,0.35,13.3,63,0.49,1,18.0
129,11,9,76,0.72,2.6,46,0.34,0,0.0
93,8,8,39,0.6,7.0,10,0.42,1,45.0
77,0,8,123,0.39,4.1,12,0.93,0,0.0
72,9,7,38,0.48,11.0,12,0.91,1,0.0
146,13,4,140,0.26,3.4,36,0.72,1,0.0
105,13,16,39,0.79,10.6,12,0.88,0,0.0
102,8,5,146,0.53,5.7,97,0.32,0,0.0
15,1,13,163,0.04,4.6,75,0.38,0,0.0
109,8,7,139,0.26,14.2,53,0.61,1,25.3
71,6,5,71,0.5,2.2,24,0.62,0,0.0
127,10,16,12,0.05,7.7,7,0.48,1,19.7
33,1,10,77,0.02,2.3,48,0.4,0,0.0
141,14,6,34,0.36,8.3,0,0.99,1,7.8
80,4,14,150,0.27,8.5,41,0.82,0,0.0
13,0,19,53,0.35,6.2,29,0.43,0,0.0
44,2,6,172,0.21,3.7,44,0.73,0,0.0
29,0,17,64,0.13,6.9,54,0.27,0,0.0
9,0,15,146,0.55,10.7,131,0.1,0,0.0
143,17,17,139,0.41,12.2,115,0.35,0,0.0
128,12,16,50,0.16,8.9,27,0.4,1,18.6
42,2,5,73,0.26,9.7,73,0.02,1,16.4
76,1,8,40,0.47,4.6,0,0.81,1,14.9
137,18,17,56,0.06,5.7,44,0.36,0,0.0
94,7,9,139,0.12,4.1,61,0.58,0,0.0
41,2,18,105,0.06,5.2,93,0.07,0,0.0
64,8,17,86,0.65,4.9,62,0.17,0,0.0
32,3,11,119,0.6,8.8,0,0.89,1,11.0
85,3,11,78,0.6,9.3,34,0.61,1,5.8
118,0,3,67,0.57,14.3,0,0.95,1,34.4
44,3,10,115,0.54,4.5,13,1.0,0,0.0
49,5,18,53,0.38,10.3,20,0.37,0,0.0
66,8,12,83,0.51,12.6,56,0.3,1,0.0
97,1,11,65,0.03,9.3,0,0.86,1,15.9
119,15,18,136,0.5,5.3,0,1.0,0,0.0
71,2,5,171,0.62,5.4,63,0.63,0,0.0
60,7,17,39,0.4,2.5,12,0.8,0,0.0
44,5,16,80,0.29,6.0,2,0.78,1,6.9
102,7,6,127,0.22,11.7,74,0.36,1,45.0
44,5,7,64,0.51,2.6,36,0.57,0,0.0
95,12,18,76,0.55,4.9,19,0.83,0,0.0
37,4,2,150,0.7,11.2,21,0.69,1,29.0
10,0,5,12,0.27,12.2,12,0.02,1,23.5
84,4,18,35,0.62,7.9,12,0.34,1,23.9
96,8,10,66,0.45,11.1,50,0.14,1,45.0
101,3,3,135,0.71,7.0,101,0.23,1,45.0
63,5,9,161,0.42,4.1,30,0.91,0,0.0
63,1,16,62,0.41,7.2,49,0.04,0,0.0
52,6,8,52,0.46,9.5,26,0.22,1,33.3
17,1,7,58,0.6,14.3,44,0.31,0,0.0
111,1,2,51,0.77,2.9,19,0.62,1,34.1
49,1,16,20,0.06,8.6,20,0.53,0,0.0
93,6,8,112,0.04,6.3,84,0.22,0,0.0
104,12,18,107,0.75,8.6,101,0.16,1,0.0
11,0,3,155,0.42,2.3,118,0.24,0,0.0
137,17,10,94,0.49,6.1,52,0.5,1,0.0
49,6,10,109,0.39,12.7,95,0.27,0,0.0
62,1,14,113,0.07,9.2,4,0.95,0,0.0
35,0,7,55,0.61,7.9,39,0.46,0,0.0
27,2,7,53,0.6,5.7,43,0.06,0,0.0
142,10,4,31,0.25,5.9,10,0.73,1,45.0
111,2,18,123,0.24,7.0,68,0.33,0,0.0
43,2,18,134,0.67,12.9,41,0.65,0,0.0
86,6,13,133,0.06,14.6,85,0.28,0,0.0
104,4,17,39,0.7,7.7,28,0.57,0,0.0
6,0,16,17,0.21,7.1,17,0.77,0,0.0
81,9,14,107,0.47,13.0,4,0.93,1,3.0
16,1,2,66,0.75,7.5,41,0.26,1,10.2
43,5,18,120,0.54,9.2,66,0.33,0,0.0
17,1,4,82,0.33,5.0,46,0.46,0,0.0
50,4,16,124,0.55,11.7,3,0.93,0,0.0
117,11,5,29,0.28,8.9,0,0.9,1,36.5
21,0,5,34,0.22,12.5,34,0.09,1,27.0
108,0,19,28,0.8,12.1,21,0.13,1,27.6
102,2,18,14,0.6,4.8,12,0.5,1,5.5
92,10,12,84,0.52,11.3,75,0.11,1,7.9
113,6,4,137,0.28,12.4,76,0.35,1,45.0
74,5,9,81,0.04,6.5,50,0.15,0,0.0
78,6,15,164,0.02,4.2,64,0.64,0,0.0
67,7,2,49,0.44,2.0,19,0.95,0,0.0
64,5,15,35,0.61,7.9,3,1.0,0,0.0
83,2,3,36,0.43,6.6,28,0.38,1,45.0
41,1,5,92,0.67,9.2,27,0.6,1,10.7
26,2,7,137,0.03,4.4,29,0.86,0,0.0
100,11,2,179,0.29,13.2,167,0.12,1,45.0
72,0,18,166,0.19,5.4,44,0.69,0,0.0
21,2,9,176,0.36,4.9,109,0.41,0,0.0
16,1,2,178,0.06,8.2,123,0.21,0,0.0
149,19,6,42,0.76,8.5,32,0.4,1,45.0
142,16,17,106,0.18,4.8,92,0.08,0,0.0
122,4,7,120,0.74,5.5,24,0.7,1,10.5
26,1,9,25,0.34,4.2,22,0.25,0,0.0
124,2,14,32,0.79,11.3,4,0.31,1,45.0
54,1,17,144,0.44,12.0,129,0.12,0,0.0
18,0,4,35,0.74,8.0,0,0.86,1,11.9
33,2,13,105,0.0,11.3,39,0.49,0,0.0
129,7,17,21,0.6,11.6,9,0.57,1,37.1
11,0,12,81,0.72,3.8,33,0.57,0,0.0
33,3,11,142,0.11,14.6,98,0.41,0,0.0
143,5,5,115,0.08,12.7,80,0.19,1,45.0
37,4,13,126,0.34,4.7,45,0.75,0,0.0
138,15,3,35,0.75,4.4,19,0.13,1,45.0
115,15,6,142,0.43,3.6,136,0.1,0,0.0
83,2,9,31,0.42,3.8,20,0.71,0,0.0
62,7,8,22,0.11,11.7,20,0.21,1,45.0
30,3,15,165,0.0,8.1,106,0.31,0,0.0
33,2,4,170,0.65,12.2,73,0.48,1,0.0
8,0,19,116,0.07,11.7,44,0.45,0,0.0
103,6,17,32,0.51,9.9,27,0.71,0,0.0
145,20,19,106,0.73,10.9,36,0.62,1,0.0
43,1,17,27,0.17,2.2,0,0.64,1,6.3
19,1,9,126,0.53,6.1,24,0.71,0,0.0
123,8,2,39,0.06,10.3,29,0.29,1,45.0
33,0,18,35,0.48,2.1,19,0.32,0,0.0
79,5,13,153,0.13,2.4,66,0.44,0,0.0
120,10,12,48,0.59,13.1,41,0.31,1,45.0
36,2,6,170,0.24,10.9,5,0.98,0,0.0
134,12,13,163,0.37,5.4,48,0.81,0,0.0
88,10,18,175,0.48,10.9,157,0.16,0,0.0
26,1,7,139,0.14,12.3,107,0.01,0,0.0
31,2,2,122,0.59,6.0,122,0.04,0,0.0
85,0,6,143,0.24,2.5,120,0.24,0,0.0
130,6,15,55,0.53,14.1,41,0.11,1,45.0
96,6,6,59,0.13,6.5,23,0.53,1,32.8
25,2,2,175,0.55,3.4,28,0.86,0,0.0
51,4,19,115,0.1,8.4,20,0.74,0,0.0
105,11,17,155,0.34,12.0,119,0.22,0,0.0
88,1,10,164,0.2,4.9,108,0.4,0,0.0
10,0,6,178,0.6,5.5,92,0.51,0,0.0
135,18,3,81,0.21,5.2,8,0.81,1,24.0
5,0,16,83,0.71,14.9,23,0.84,0,0.0
62,7,8,26,0.71,4.6,5,0.91,0,0.0
128,18,5,166,0.16,9.5,84,0.51,1,45.0
19,1,2,79,0.49,14.0,19,0.69,1,22.4
68,6,14,159,0.07,3.9,141,0.11,0,0.0
29,1,8,15,0.31,14.6,0,0.57,1,19.3
28,3,16,35,0.57,14.3,6,0.25,1,10.4
16,1,15,176,0.53,13.5,97,0.43,0,0.0
22,2,19,149,0.5,4.8,53,0.63,0,0.0
19,1,11,108,0.23,10.2,81,0.26,0,0.0
31,2,10,151,0.3,11.9,151,0.05,0,0.0
76,8,9,31,0.08,14.8,24,0.01,1,45.0
64,4,11,60,0.58,4.3,54,0.02,0,0.0
149,12,18,160,0.4,12.0,160,0.01,0,0.0
97,8,3,113,0.57,6.4,93,0.11,1,45.0
57,6,7,98,0.2,4.3,76,0.24,0,0.0
12,0,6,150,0.26,7.5,112,0.22,0,0.0
83,4,10,147,0.27,12.3,0,0.99,1,9.9
31,1,6,18,0.02,8.0,18,0.31,1,10.8
54,7,19,88,0.27,9.0,73,0.13,0,0.0
135,15,10,61,0.64,14.9,35,0.55,1,45.0
97,12,18,139,0.72,7.2,0,0.86,1,10.5
28,0,18,162,0.41,10.0,37,0.68,0,0.0
64,0,13,22,0.36,6.7,0,0.3,1,20.9
126,4,8,60,0.02,7.1,14,0.56,1,36.9
135,16,4,43,0.7,11.0,30,0.71,1,45.0
50,3,11,44,0.01,14.2,11,0.73,1,11.5
19,0,3,140,0.76,9.1,39,0.67,0,0.0
21,1,4,129,0.39,12.0,24,0.87,0,0.0
130,17,17,79,0.27,3.2,19,0.87,0,0.0
88,8,3,156,0.74,4.7,53,0.58,1,13.1
13,0,11,76,0.02,8.5,68,0.43,0,0.0
67,5,7,112,0.47,2.3,42,0.64,0,0.0
121,10,12,82,0.44,5.3,18,0.82,0,0.0
134,5,8,125,0.18,8.7,125,0.01,1,12.6
92,5,16,142,0.34,2.2,6,0.99,0,0.0
76,10,7,76,0.52,5.4,55,0.18,0,0.0
143,13,10,148,0.58,8.7,99,0.47,0,0.0
68,1,13,130,0.0,9.5,13,0.87,0,0.0
76,7,4,103,0.75,14.0,89,0.23,1,45.0
25,2,16,138,0.13,10.4,67,0.48,0,0.0
22,2,3,100,0.19,7.4,80,0.13,0,0.0
68,4,3,101,0.21,14.1,80,0.4,1,45.0
86,2,4,72,0.03,12.2,58,0.18,1,45.0
114,0,7,38,0.1,4.6,23,0.36,1,32.5
99,7,16,21,0.79,3.7,15,0.37,1,1.2
36,2,11,86,0.25,10.8,26,0.99,0,0.0
15,1,10,50,0.09,9.3,21,0.99,0,0.0
49,0,2,139,0.09,12.3,135,0.11,1,45.0
37,3,17,46,0.58,11.6,41,0.73,0,0.0
106,12,7,33,0.68,10.1,21,0.05,1,45.0
140,12,10,108,0.21,14.8,108,0.03,1,45.0
15,0,5,159,0.02,8.9,143,0.11,0,0.0
92,0,3,109,0.18,3.5,0,0.97,1,14.5
45,3,5,148,0.05,12.8,13,0.94,0,0.0
149,12,2,67,0.08,5.3,49,0.19,1,45.0
80,0,11,38,0.35,12.1,38,0.16,1,45.0
125,10,16,172,0.18,14.4,126,0.24,0,0.0
50,1,17,152,0.41,11.1,69,0.52,0,0.0
84,8,5,69,0.2,9.7,45,0.57,1,26.5
58,7,3,104,0.75,8.0,80,0.22,1,36.0
90,1,14,51,0.72,6.7,24,0.76,0,0.0
96,12,2,52,0.45,6.6,40,0.31,1,45.0
101,2,18,83,0.28,10.3,10,0.92,0,0.0
6,0,14,169,0.3,11.8,55,0.66,0,0.0
37,2,5,73,0.33,10.8,46,0.44,1,1.0
81,8,8,11,0.58,4.6,0,0.79,1,16.3
120,15,18,161,0.36,8.4,21,0.82,0,0.0
107,5,10,75,0.69,12.3,52,0.29,1,45.0
107,2,5,175,0.76,8.2,128,0.34,1,0.0
94,8,2,40,0.27,9.0,7,0.94,1,21.2
126,0,11,124,0.45,12.0,111,0.16,1,4.9
147,9,5,35,0.08,10.6,33,0.04,1,45.0
110,2,10,38,0.16,7.3,1,0.45,1,43.1
123,0,14,87,0.33,13.6,5,0.8,1,28.8
53,1,15,34,0.16,4.1,4,0.77,0,0.0
108,15,11,57,0.7,14.9,0,0.92,1,21.7
65,7,7,74,0.13,3.5,29,0.53,0,0.0
127,17,17,76,0.36,2.2,62,0.1,0,0.0
138,1,7,99,0.48,13.6,35,0.59,1,45.0
13,0,18,155,0.55,5.2,48,0.78,0,0.0
10,0,11,146,0.31,11.5,131,0.09,0,0.0
77,8,19,47,0.7,12.5,47,0.17,1,3.6
107,12,19,96,0.45,13.2,96,0.01,0,0.0
45,4,4,158,0.35,14.9,78,0.59,0,0.0
118,5,16,74,0.05,5.8,18,0.89,0,0.0
12,0,16,158,0.37,11.2,46,0.67,0,0.0
76,4,5,36,0.66,3.5,20,0.98,0,0.0
96,9,10,115,0.49,7.3,103,0.06,0,0.0
66,5,18,132,0.67,13.0,14,0.9,0,0.0
88,8,12,53,0.4,6.8,13,0.81,0,0.0
66,6,10,109,0.09,9.7,79,0.31,0,0.0
115,9,11,37,0.01,8.5,8,0.97,0,0.0
131,9,19,26,0.24,10.4,10,0.29,1,45.0
11,0,14,136,0.56,14.6,22,0.89,0,0.0
88,8,9,132,0.63,2.7,21,0.88,0,0.0
136,19,8,177,0.24,9.5,42,0.76,1,1.7
138,17,18,140,0.4,13.2,59,0.56,0,0.0
62,7,16,85,0.34,8.3,66,0.12,0,0.0
26,0,16,55,0.33,3.0,30,0.53,0,0.0
131,8,2,167,0.19,9.3,100,0.36,1,45.0
7,0,15,78,0.11,6.3,18,0.79,0,0.0
131,14,6,146,0.16,4.0,34,0.76,0,0.0
45,3,12,94,0.04,13.0,0,0.91,1,12.2
110,14,17,20,0.16,8.8,10,0.01,1,44.4
18,1,3,78,0.01,14.1,18,0.81,0,0.0
16,0,9,108,0.5,12.5,1,0.94,0,0.0
91,12,12,100,0.25,11.0,15,0.79,1,4.9
16,0,19,168,0.78,2.1,138,0.13,0,0.0
145,3,4,170,0.15,7.6,148,0.08,1,45.0
29,0,2,176,0.28,4.6,176,0.02,0,0.0
49,6,12,103,0.29,13.8,27,0.63,0,0.0
126,2,17,174,0.01,4.3,79,0.63,0,0.0
59,0,19,124,0.67,5.7,0,0.99,0,0.0
104,3,17,40,0.03,8.7,17,0.4,1,27.2
140,4,11,20,0.75,5.4,17,0.33,1,32.5
123,4,19,96,0.71,4.7,36,0.62,0,0.0
57,3,7,130,0.43,9.8,20,0.83,0,0.0
36,1,5,139,0.43,3.2,10,0.94,0,0.0
55,6,14,114,0.52,2.8,22,0.8,0,0.0
48,1,15,36,0.31,6.8,18,0.43,0,0.0
86,3,4,11,0.52,11.4,11,0.63,1,45.0
41,1,11,112,0.04,9.2,1,0.86,1,8.9
100,12,7,110,0.04,7.5,46,0.49,0,0.0
60,8,2,30,0.37,9.4,15,0.22,1,45.0
109,7,15,67,0.44,6.8,45,0.17,1,0.9
63,2,9,142,0.71,14.2,142,0.0,1,0.0
135,15,15,94,0.08,2.7,31,0.72,0,0.0
39,0,11,102,0.66,10.8,71,0.11,0,0.0
97,13,18,29,0.17,13.6,17,0.24,1,27.8
101,4,10,70,0.32,12.5,45,0.3,1,40.3
139,10,7,47,0.25,4.4,17,0.56,1,21.8
80,2,12,157,0.32,5.8,81,0.4,0,0.0
53,4,8,34,0.12,11.3,7,0.67,1,25.6
98,12,18,139,0.4,3.1,122,0.06,0,0.0
28,1,2,130,0.64,12.6,110,0.12,1,23.7
41,4,6,169,0.35,11.3,67,0.5,1,0.0
8,0,10,35,0.39,11.5,19,0.34,0,0.0
112,3,19,178,0.68,3.3,118,0.3,0,0.0
130,12,3,76,0.56,11.3,68,0.07,1,45.0
24,0,12,10,0.39,10.8,4,0.9,0,0.0
54,1,7,60,0.21,12.8,18,0.69,1,23.2
100,11,9,14,0.71,2.5,14,0.12,1,14.8
109,7,5,22,0.46,2.3,16,0.07,1,43.6
121,8,19,156,0.18,6.8,10,0.97,0,0.0
102,3,12,149,0.22,3.9,58,0.68,0,0.0
70,6,6,57,0.64,9.3,35,0.42,1,39.2
83,1,16,162,0.04,13.9,48,0.7,0,0.0
10,0,19,66,0.79,7.1,20,0.76,0,0.0
43,5,3,124,0.1,13.0,30,0.78,1,17.4
119,6,12,44,0.64,2.0,32,0.48,0,0.0
129,7,14,85,0.32,4.2,56,0.43,0,0.0
16,1,5,103,0.39,2.4,103,0.01,0,0.0
135,6,8,14,0.7,6.3,1,0.93,1,14.6
22,0,12,31,0.33,13.8,15,0.6,0,0.0
44,4,5,112,0.43,3.3,92,0.2,0,0.0
25,1,16,140,0.04,9.9,0,0.92,0,0.0
147,18,2,133,0.0,7.9,22,0.91,1,44.8
103,4,4,62,0.2,14.2,0,0.99,1,7.1
30,2,15,168,0.54,3.6,28,0.87,0,0.0
12,0,7,78,0.1,4.8,2,1.0,0,0.0
104,14,19,113,0.09,2.4,82,0.24,0,0.0
91,8,2,170,0.33,7.6,30,0.84,1,19.0
46,1,7,25,0.52,5.6,8,0.82,0,0.0
18,1,7,125,0.57,13.3,83,0.23,0,0.0
82,11,17,85,0.14,9.9,85,0.1,0,0.0
6,0,6,118,0.06,10.0,3,0.98,0,0.0
123,16,18,48,0.75,8.9,48,0.3,1,0.0
41,4,11,98,0.21,3.2,20,0.87,0,0.0
73,1,19,121,0.68,7.8,120,0.0,0,0.0
45,0,8,56,0.69,15.0,47,0.02,1,45.0
66,6,4,146,0.62,12.9,76,0.47,1,45.0
64,6,14,137,0.14,13.6,105,0.24,0,0.0
129,5,16,86,0.66,12.7,41,0.69,0,0.0
115,2,4,24,0.62,3.3,22,0.57,1,20.9
18,1,5,45,0.48,5.0,45,0.08,0,0.0
88,2,6,72,0.27,2.0,72,0.16,0,0.0
134,17,2,78,0.21,5.9,27,0.39,1,45.0
74,10,5,178,0.1,3.4,149,0.19,0,0.0
149,21,13,83,0.41,8.1,29,0.79,0,0.0
127,4,11,33,0.47,10.8,24,0.42,1,45.0
93,2,14,58,0.29,13.4,39,0.09,1,45.0
32,1,15,155,0.38,11.7,93,0.48,0,0.0
70,2,6,16,0.29,14.2,16,0.09,1,45.0
9,0,5,13,0.51,2.7,13,0.13,0,0.0
49,5,15,99,0.72,2.2,76,0.24,0,0.0
51,6,11,69,0.13,10.6,29,0.86,0,0.0
35,0,18,64,0.31,5.8,9,0.92,0,0.0
143,3,11,25,0.11,5.3,1,0.83,1,17.1
14,0,8,38,0.5,6.3,17,0.33,0,0.0
122,11,17,160,0.58,5.5,123,0.27,0,0.0
18,0,2,23,0.75,8.6,20,0.55,1,21.9
84,2,18,88,0.22,7.7,25,0.72,0,0.0
97,6,10,42,0.76,8.7,0,0.99,0,0.0
14,1,7,162,0.05,10.7,153,0.13,0,0.0
80,0,14,30,0.48,7.0,19,0.05,1,17.6
98,2,4,154,0.05,5.3,66,0.69,0,0.0
109,5,8,32,0.72,4.2,0,0.83,1,14.2
5,0,10,66,0.42,6.5,0,0.85,0,0.0
137,3,6,151,0.54,11.6,37,0.68,1,33.1
24,2,11,102,0.67,11.8,0,0.95,1,1.7
12,0,18,29,0.12,10.7,11,0.51,0,0.0
5,0,13,167,0.03,5.0,9,0.91,0,0.0
61,2,17,28,0.7,9.6,11,0.97,0,0.0
68,0,4,112,0.25,9.4,25,0.85,0,0.0
122,15,10,86,0.1,8.3,57,0.31,1,12.2
32,2,16,160,0.37,9.1,159,0.2,0,0.0
125,7,6,42,0.48,8.4,16,0.55,1,45.0
111,2,14,27,0.02,9.4,13,0.45,1,19.0
53,1,15,82,0.22,11.3,0,0.88,1,4.7
124,15,16,170,0.03,3.4,152,0.1,0,0.0
48,3,17,169,0.34,11.7,128,0.26,0,0.0
60,2,14,26,0.72,3.8,0,0.75,1,14.1
115,9,18,28,0.79,2.9,20,0.09,1,4.0
138,16,9,79,0.51,14.7,56,0.32,1,45.0
112,14,3,129,0.13,14.4,73,0.39,1,45.0
118,12,6,110,0.72,2.8,34,0.62,0,0.0
82,6,7,43,0.41,7.8,43,0.16,1,45.0
134,9,13,93,0.12,4.4,0,0.86,1,7.5
41,1,19,162,0.74,8.3,78,0.45,0,0.0
24,0,2,83,0.61,12.8,8,0.92,1,10.1
30,1,18,97,0.59,14.4,60,0.47,0,0.0
33,3,12,94,0.57,10.2,71,0.28,0,0.0
5,0,11,20,0.16,6.6,14,0.14,0,0.0
123,17,15,100,0.17,9.8,96,0.0,0,0.0
39,4,11,153,0.55,6.1,81,0.53,0,0.0
63,8,16,136,0.18,13.8,130,0.11,0,0.0
73,6,5,122,0.35,13.3,74,0.39,1,45.0
16,0,3,89,0.63,9.3,33,0.59,0,0.0
24,1,10,16,0.63,6.2,11,0.28,1,0.8
47,2,11,25,0.36,5.8,13,0.18,1,18.9
130,18,12,25,0.63,2.4,4,0.77,1,8.4
54,5,15,177,0.67,12.6,4,0.95,0,0.0
33,1,8,21,0.52,7.9,17,0.1,1,23.6
43,3,16,44,0.18,6.2,32,0.16,0,0.0
42,2,16,30,0.22,8.1,6,0.96,0,0.0
88,10,9,26,0.25,12.6,26,0.04,1,45.0
132,5,12,41,0.09,3.6,0,0.98,0,0.0
130,13,10,50,0.22,13.1,41,0.0,1,45.0
49,2,16,143,0.17,13.7,25,0.87,0,0.0
56,1,2,36,0.36,14.3,26,0.31,1,45.0
84,4,2,157,0.73,7.2,5,0.94,1,27.5
128,6,4,162,0.08,4.8,124,0.32,0,0.0
123,7,11,75,0.58,6.9,20,0.65,1,14.7
12,0,9,146,0.55,6.3,114,0.08,0,0.0
89,2,16,101,0.08,4.3,69,0.24,0,0.0
133,15,11,70,0.74,9.9,32,0.77,1,6.6
12,0,2,175,0.45,8.2,79,0.53,0,0.0
100,5,19,12,0.29,13.3,0,0.93,1,5.4
106,10,3,112,0.61,2.4,64,0.43,1,0.0
9,0,14,64,0.21,10.4,18,0.87,0,0.0
90,6,2,10,0.55,11.9,4,0.45,1,45.0
38,0,3,110,0.03,11.9,8,0.98,0,0.0
59,4,17,54,0.67,13.5,0,0.96,1,4.6
123,0,16,35,0.36,11.5,29,0.33,1,44.4
118,7,14,130,0.51,14.1,16,0.89,0,0.0
149,21,17,151,0.18,6.3,19,0.85,0,0.0
30,3,18,55,0.54,8.5,45,0.21,0,0.0
140,2,8,131,0.62,2.2,43,0.62,0,0.0
51,2,18,40,0.38,2.1,23,0.07,0,0.0
117,2,8,68,0.49,5.1,10,0.84,1,7.3
80,5,14,38,0.37,3.3,18,0.17,1,0.6
76,7,6,115,0.72,5.4,112,0.07,0,0.0
93,6,18,26,0.4,4.3,15,0.4,1,1.9
50,2,4,151,0.67,2.4,78,0.58,0,0.0
37,0,8,173,0.64,13.8,21,0.85,0,0.0
5,0,18,33,0.33,2.1,0,0.97,0,0.0
35,2,8,118,0.18,11.6,51,0.44,0,0.0
146,15,2,100,0.32,4.0,82,0.06,1,45.0
57,5,18,34,0.66,13.9,0,0.75,1,17.8
52,6,18,41,0.18,13.6,28,0.57,0,0.0
73,6,12,125,0.42,10.5,64,0.45,0,0.0
109,8,4,91,0.64,10.7,76,0.31,1,45.0
94,10,16,119,0.28,2.1,32,0.5,0,0.0
67,9,12,155,0.51,14.8,117,0.34,0,0.0
77,4,17,46,0.2,13.4,10,0.76,1,7.6
93,0,10,35,0.09,13.6,19,0.54,1,22.5
17,1,2,146,0.64,10.6,7,0.88,1,12.2
77,3,17,73,0.08,6.5,38,0.54,0,0.0
81,4,10,81,0.22,13.6,57,0.24,1,42.0
72,8,13,157,0.68,5.8,11,0.85,0,0.0
102,10,10,115,0.28,9.3,38,0.56,1,8.9
129,16,8,95,0.78,3.3,63,0.21,1,0.0
106,2,15,167,0.78,14.0,66,0.62,0,0.0
136,15,3,62,0.21,3.8,33,0.36,1,45.0
106,4,10,101,0.03,4.9,0,0.84,1,12.6
23,2,14,108,0.56,9.3,62,0.45,0,0.0
86,3,16,20,0.36,11.9,0,0.73,1,13.9
145,14,4,40,0.08,10.1,40,0.1,1,45.0
27,1,12,109,0.57,5.0,85,0.4,0,0.0
87,2,15,96,0.02,2.0,0,0.98,0,0.0
113,3,9,156,0.7,11.8,40,0.81,0,0.0
79,0,19,149,0.11,14.8,128,0.16,0,0.0
133,17,17,24,0.1,12.5,12,0.28,1,45.0
92,1,3,168,0.14,8.0,108,0.33,1,45.0
58,5,9,110,0.77,13.7,45,0.65,0,0.0
93,1,7,174,0.55,7.3,41,0.76,0,0.0
147,14,13,38,0.64,8.8,0,0.75,1,41.2
69,5,16,123,0.32,8.2,81,0.51,0,0.0
80,10,9,116,0.27,7.8,26,0.81,0,0.0
147,14,5,163,0.19,12.1,91,0.44,1,45.0
64,1,16,117,0.38,8.8,95,0.12,0,0.0
97,3,18,139,0.44,6.1,58,0.56,0,0.0
53,6,14,93,0.51,5.4,17,0.95,0,0.0
39,2,19,24,0.21,2.5,7,0.79,0,0.0
106,13,3,141,0.76,9.6,63,0.58,1,45.0
15,0,14,59,0.14,5.0,8,0.65,0,0.0
103,12,14,175,0.77,3.9,8,0.93,0,0.0
114,8,16,32,0.01,10.5,18,0.43,1,29.7
78,1,11,68,0.38,10.9,52,0.33,1,0.9
13,0,4,99,0.27,11.8,0,0.98,1,3.4
7,0,4,124,0.36,8.5,26,0.86,0,0.0
89,7,15,84,0.46,13.6,45,0.32,1,10.6
30,3,9,165,0.35,14.2,89,0.46,0,0.0
76,3,5,132,0.33,12.5,76,0.42,1,44.8
52,0,12,145,0.59,10.3,108,0.15,0,0.0
121,12,12,166,0.55,5.9,6,0.96,0,0.0
16,0,12,148,0.67,14.8,82,0.4,0,0.0
137,1,3,27,0.2,5.6,17,0.88,1,14.2
52,5,18,59,0.49,4.6,43,0.19,0,0.0
41,3,10,151,0.47,7.7,71,0.55,0,0.0
48,5,3,127,0.3,2.7,111,0.02,0,0.0
19,0,16,146,0.39,14.7,36,0.76,0,0.0
47,4,17,148,0.25,9.6,57,0.58,0,0.0
91,1,5,117,0.11,9.2,36,0.63,1,23.0
74,1,9,76,0.17,10.5,76,0.05,0,0.0
50,5,10,176,0.08,8.5,135,0.21,0,0.0
112,6,6,87,0.55,2.4,78,0.07,0,0.0
127,5,17,165,0.53,10.0,126,0.29,0,0.0
25,1,14,84,0.76,11.3,23,0.63,0,0.0
111,7,8,48,0.58,7.4,24,0.57,1,17.4
84,10,18,34,0.04,11.8,18,0.61,1,8.0
51,5,4,30,0.71,5.0,15,0.55,1,19.6
121,1,6,147,0.69,4.9,129,0.27,0,0.0
128,16,13,24,0.35,4.1,10,0.24,1,24.4
147,4,8,57,0.47,6.8,57,0.14,1,36.2
29,1,10,95,0.78,13.0,19,0.85,0,0.0
40,0,7,158,0.43,12.8,69,0.62,0,0.0
55,7,18,125,0.72,7.0,105,0.19,0,0.0
19,1,17,59,0.07,9.7,59,0.18,0,0.0
72,3,4,160,0.15,11.4,17,0.87,1,7.3
25,0,5,150,0.35,5.1,43,0.74,0,0.0
145,20,11,78,0.47,4.2,39,0.66,0,0.0
23,1,6,13,0.65,14.6,2,0.41,1,26.6
38,2,11,87,0.79,10.0,74,0.26,0,0.0
82,4,13,18,0.31,14.8,0,0.98,1,10.9
129,15,11,130,0.04,6.4,14,0.8,0,0.0
121,17,14,124,0.64,11.1,72,0.3,1,2.7
56,1,12,172,0.48,4.9,25,0.85,0,0.0
31,3,17,110,0.16,5.4,36,0.76,0,0.0
39,0,9,158,0.4,8.7,90,0.3,0,0.0
140,10,9,155,0.59,6.2,90,0.43,0,0.0
148,16,9,106,0.62,4.2,95,0.19,0,0.0
110,15,14,90,0.4,5.4,67,0.11,0,0.0
6,0,3,52,0.24,2.5,8,0.72,0,0.0
81,9,13,104,0.78,11.2,81,0.27,1,0.0
136,1,11,15,0.53,8.4,11,0.82,1,7.7
94,3,13,76,0.33,3.2,16,1.0,0,0.0
93,4,12,149,0.22,4.2,131,0.08,0,0.0
98,6,16,109,0.58,3.3,49,0.47,0,0.0
11,0,17,21,0.19,10.0,20,0.8,0,0.0
99,1,18,75,0.14,3.2,8,0.79,0,0.0
112,13,3,11,0.42,11.8,7,0.76,1,45.0
78,5,19,152,0.23,2.3,120,0.35,0,0.0
43,0,13,160,0.5,5.2,94,0.45,0,0.0
145,6,19,166,0.09,13.6,75,0.59,0,0.0
75,8,18,90,0.52,11.3,15,0.97,0,0.0
60,4,7,144,0.23,2.9,102,0.33,0,0.0
46,4,16,165,0.0,12.7,20,0.92,0,0.0
40,3,4,151,0.1,8.4,106,0.27,0,0.0
88,2,7,167,0.75,13.0,13,0.99,0,0.0
122,8,4,169,0.69,9.8,59,0.67,1,36.0
11,0,2,79,0.19,10.9,27,0.46,1,9.6
58,4,14,124,0.62,14.9,50,0.61,0,0.0
133,7,15,97,0.49,5.0,48,0.27,0,0.0
124,8,14,15,0.78,10.1,15,0.27,1,45.0
110,4,5,36,0.3,8.0,29,0.11,1,45.0
51,1,8,91,0.55,2.5,91,0.11,0,0.0
127,1,11,97,0.05,2.2,68,0.35,0,0.0
145,8,8,129,0.32,3.5,39,0.76,0,0.0
123,10,16,33,0.77,10.4,2,0.61,1,45.0
122,3,16,111,0.43,9.4,106,0.1,0,0.0
25,1,5,43,0.23,9.2,0,0.85,1,11.8
141,1,7,177,0.1,2.4,81,0.6,0,0.0
30,2,6,56,0.56,8.1,0,0.96,1,2.4
13,0,13,33,0.52,14.0,11,0.67,0,0.0
19,0,2,74,0.3,7.2,49,0.18,1,14.0
14,1,9,27,0.76,10.1,15,0.47,0,0.0
126,13,2,53,0.02,12.1,38,0.65,1,45.0
125,0,6,85,0.24,12.2,85,0.03,1,45.0
129,17,7,66,0.74,8.8,64,0.01,1,45.0
76,6,4,116,0.26,13.2,76,0.13,1,45.0
53,0,16,165,0.2,7.1,118,0.25,0,0.0
95,0,6,133,0.43,13.6,80,0.43,1,31.6
41,0,15,160,0.66,5.1,76,0.49,0,0.0
72,7,19,171,0.08,5.6,161,0.14,0,0.0
54,3,17,148,0.75,2.7,49,0.67,0,0.0
23,0,7,172,0.64,12.3,80,0.6,0,0.0
104,1,15,125,0.15,7.4,90,0.29,0,0.0
64,0,9,102,0.57,5.0,97,0.01,0,0.0
93,11,8,51,0.31,5.0,42,0.08,1,23.4
73,9,9,37,0.32,13.7,12,0.39,1,45.0
53,0,14,132,0.63,12.8,122,0.15,0,0.0
112,6,7,33,0.77,9.2,16,0.38,1,45.0
123,3,19,145,0.1,10.0,59,0.63,0,0.0
41,3,3,115,0.34,8.2,46,0.55,1,14.6
147,5,9,127,0.38,7.1,86,0.23,0,0.0
15,1,12,62,0.3,13.9,46,0.34,0,0.0
142,15,2,141,0.29,3.6,46,0.61,1,45.0
82,1,7,109,0.04,7.4,11,0.86,0,0.0
81,6,17,14,0.55,6.5,0,0.75,1,10.9
6,0,13,58,0.35,8.5,20,0.55,0,0.0
68,1,12,107,0.16,7.9,68,0.36,0,0.0
39,1,11,39,0.65,8.7,21,0.37,1,2.6
11,0,4,81,0.64,3.8,17,0.88,0,0.0
89,7,14,112,0.39,8.7,109,0.04,0,0.0
71,7,4,72,0.24,5.2,31,0.99,0,0.0
46,0,16,35,0.51,4.4,15,0.66,0,0.0
122,12,17,46,0.23,2.8,0,0.68,1,9.4
129,17,14,16,0.19,11.9,13,0.04,1,45.0
28,1,18,136,0.58,7.6,52,0.61,0,0.0
50,4,4,177,0.03,10.1,85,0.48,0,0.0
23,0,12,101,0.08,11.5,91,0.11,0,0.0
72,4,12,176,0.01,10.8,120,0.28,0,0.0
106,10,17,112,0.12,8.1,15,0.89,0,0.0
46,4,4,62,0.06,7.0,8,0.55,1,36.3
36,1,7,141,0.8,6.9,94,0.41,0,0.0
113,0,15,117,0.23,10.3,92,0.07,0,0.0
40,1,19,121,0.12,8.4,31,0.71,0,0.0
101,6,18,162,0.19,13.0,40,0.7,0,0.0
135,18,5,16,0.75,13.4,9,0.61,1,45.0
77,9,16,165,0.42,4.2,78,0.51,0,0.0
140,1,12,76,0.29,3.8,45,0.43,0,0.0
101,9,4,117,0.7,10.2,58,0.59,1,45.0
127,3,4,120,0.32,5.9,99,0.23,1,45.0
74,2,17,157,0.27,2.2,9,0.94,0,0.0
17,0,6,92,0.17,13.6,42,0.59,0,0.0
53,1,11,133,0.3,4.9,111,0.31,0,0.0
64,6,5,148,0.25,14.1,89,0.45,1,12.1
134,7,12,113,0.54,11.3,19,0.81,1,9.2
9,0,3,76,0.23,11.9,76,0.16,0,0.0
31,1,11,16,0.46,4.6,15,0.29,0,0.0
12,0,12,160,0.05,5.0,41,0.68,0,0.0
54,5,17,119,0.15,8.8,79,0.32,0,0.0
71,9,12,43,0.33,4.2,0,0.79,1,8.7
48,0,15,115,0.75,6.0,77,0.13,0,0.0
129,3,3,156,0.3,6.2,27,0.76,1,45.0
62,0,6,67,0.53,4.1,63,0.07,0,0.0
7,0,6,18,0.2,4.7,18,0.01,0,0.0
90,3,13,57,0.1,12.3,0,0.9,1,16.8
74,1,19,124,0.05,4.2,28,0.58,0,0.0
134,10,5,50,0.24,2.4,47,0.35,0,0.0
6,0,18,57,0.13,10.2,44,0.23,0,0.0
106,12,11,34,0.14,14.7,28,0.62,1,25.2
39,4,7,125,0.61,6.3,76,0.51,0,0.0
102,9,15,87,0.01,3.5,8,0.99,0,0.0
34,0,12,117,0.45,9.4,2,0.98,0,0.0
120,14,12,34,0.3,13.8,8,0.64,1,28.3
12,0,19,156,0.41,12.2,94,0.44,0,0.0
48,3,19,48,0.45,10.1,22,0.49,0,0.0
40,1,12,128,0.25,6.1,34,0.68,0,0.0
81,2,13,88,0.24,9.0,58,0.1,0,0.0
35,2,6,89,0.59,3.2,58,0.33,0,0.0
51,5,10,36,0.7,10.8,36,0.08,1,17.3
59,7,10,113,0.15,11.4,113,0.07,0,0.0
110,3,11,83,0.08,14.5,67,0.2,1,45.0
125,5,2,77,0.72,5.4,30,0.49,1,45.0
59,7,8,156,0.28,2.2,42,0.78,0,0.0
148,0,5,37,0.44,9.1,18,0.49,1,45.0
16,1,2,132,0.29,11.2,84,0.34,0,0.0
149,16,16,170,0.1,12.3,141,0.08,0,0.0
148,16,9,147,0.47,4.5,87,0.55,0,0.0
144,14,13,92,0.42,5.4,74,0.27,0,0.0
140,6,19,39,0.16,8.7,23,0.61,1,3.6
7,0,16,31,0.36,6.3,0,0.98,0,0.0
148,18,18,12,0.64,13.2,11,0.11,1,45.0
34,0,15,110,0.47,8.2,85,0.21,0,0.0
27,2,15,114,0.08,12.4,67,0.47,0,0.0
96,11,19,11,0.44,9.5,11,0.97,0,0.0
119,2,19,63,0.56,12.1,0,0.77,1,20.7
108,13,17,15,0.63,6.3,0,0.9,1,14.3
122,10,2,116,0.5,12.8,83,0.33,1,45.0
9,0,12,177,0.12,5.6,0,0.99,0,0.0
108,3,16,132,0.57,9.1,126,0.1,0,0.0
112,13,13,11,0.54,4.8,6,0.05,1,38.2
69,2,9,120,0.02,8.2,4,0.86,1,9.9
125,8,7,11,0.33,6.1,0,0.93,1,20.5
34,1,4,102,0.27,5.5,97,0.09,0,0.0
88,1,14,110,0.54,14.6,102,0.11,1,0.0
36,0,14,106,0.17,4.1,106,0.03,0,0.0
20,2,3,120,0.47,12.2,110,0.1,0,0.0
42,5,6,15,0.73,14.8,0,0.21,1,45.0
146,15,18,136,0.64,2.3,9,0.97,0,0.0
40,1,7,113,0.74,11.1,22,0.67,1,5.3
118,16,3,156,0.78,5.3,15,0.78,1,24.5
70,5,5,164,0.01,2.5,16,0.78,0,0.0
109,13,12,10,0.5,7.2,0,0.54,1,44.7
89,6,9,42,0.33,14.2,11,0.8,1,23.5
6,0,13,49,0.69,2.2,12,0.6,0,0.0
79,8,9,41,0.2,9.6,12,0.31,1,38.2
71,7,12,26,0.78,8.5,11,0.56,1,10.9
59,5,9,135,0.49,13.4,51,0.53,1,0.0
10,0,9,17,0.63,3.1,12,0.82,0,0.0
147,2,18,66,0.07,10.9,15,0.98,0,0.0
90,7,17,51,0.15,10.8,27,0.41,1,15.5
64,6,15,107,0.61,10.7,39,0.76,0,0.0
105,2,12,146,0.02,14.3,145,0.1,0,0.0
16,0,8,129,0.65,12.7,29,0.78,0,0.0
53,3,17,96,0.01,2.5,77,0.37,0,0.0
46,1,14,172,0.53,8.1,159,0.04,0,0.0
86,2,16,63,0.29,7.2,20,0.36,1,14.2
39,1,17,93,0.49,6.0,20,0.61,0,0.0
138,0,10,34,0.56,7.9,23,0.12,1,45.0
71,3,4,76,0.27,7.0,11,0.92,0,0.0
84,4,6,161,0.09,7.6,136,0.08,0,0.0
11,0,11,55,0.06,14.7,0,0.93,0,0.0
18,0,18,31,0.47,3.2,0,0.71,1,8.6
77,5,16,148,0.42,14.0,92,0.33,0,0.0
147,4,9,17,0.59,8.2,17,0.39,1,45.0
70,0,16,48,0.41,10.1,16,0.74,0,0.0
95,2,15,172,0.34,12.8,62,0.6,0,0.0
134,0,8,58,0.32,6.7,31,0.67,1,10.6
24,2,13,55,0.02,7.6,33,0.39,0,0.0
14,0,18,47,0.27,7.3,25,0.49,0,0.0
29,0,18,145,0.78,6.9,12,0.99,0,0.0
29,3,11,63,0.7,14.0,46,0.21,0,0.0
58,3,15,174,0.26,12.8,110,0.42,0,0.0
37,2,12,101,0.47,3.4,79,0.29,0,0.0
99,12,3,49,0.68,3.4,10,0.77,1,16.3
18,1,19,43,0.35,7.6,0,0.76,1,5.0
69,7,8,105,0.01,3.3,74,0.29,0,0.0
114,15,13,88,0.06,10.0,88,0.08,0,0.0
84,11,3,136,0.41,3.9,136,0.01,0,0.0
58,0,19,26,0.78,8.8,26,0.43,0,0.0
129,3,7,170,0.55,2.1,95,0.41,0,0.0
135,9,11,119,0.06,6.1,9,0.99,0,0.0
138,10,16,61,0.15,10.8,22,0.47,1,30.1
29,0,6,127,0.62,8.3,96,0.26,0,0.0
145,6,4,18,0.67,14.7,13,0.89,1,41.1
121,11,6,42,0.49,13.4,30,0.49,1,45.0
140,20,9,122,0.52,6.7,49,0.6,1,0.0
29,2,9,158,0.02,2.6,140,0.1,0,0.0
83,11,9,94,0.66,13.0,48,0.38,1,20.1
72,1,13,19,0.63,13.8,0,0.94,1,13.9
16,1,9,15,0.21,12.7,0,0.59,1,13.0
36,4,12,124,0.57,3.7,77,0.34,0,0.0
132,3,15,130,0.17,15.0,30,0.63,1,16.2
100,13,9,150,0.03,5.4,0,0.91,1,13.6
96,13,11,74,0.16,11.4,62,0.27,1,15.7
145,15,8,29,0.14,13.8,21,0.51,1,45.0
35,2,18,66,0.27,5.1,0,0.96,0,0.0
82,1,5,55,0.33,13.8,46,0.17,1,45.0
24,1,14,145,0.41,6.0,42,0.72,0,0.0
64,1,5,19,0.38,14.7,11,0.61,1,45.0
138,16,6,122,0.22,5.7,42,0.68,0,0.0
97,4,5,148,0.02,14.4,82,0.35,1,45.0
47,3,19,21,0.48,2.7,0,0.31,1,11.8
134,5,7,147,0.32,11.2,36,0.68,1,26.5
64,5,3,162,0.24,8.9,125,0.22,1,20.6
35,0,12,20,0.69,8.2,20,0.42,1,0.0
9,0,15,127,0.6,4.9,105,0.19,0,0.0
14,1,6,173,0.69,11.2,173,0.01,0,0.0
93,0,7,48,0.4,4.5,0,0.97,1,10.5
134,14,11,62,0.1,9.2,34,0.43,1,37.7
130,5,9,65,0.56,5.3,2,0.97,0,0.0
15,0,15,113,0.16,14.4,89,0.14,0,0.0
60,1,4,138,0.35,2.4,46,0.59,0,0.0
87,5,13,65,0.05,4.6,49,0.2,0,0.0
141,12,17,127,0.66,5.2,33,0.79,0,0.0
103,0,18,141,0.1,7.4,21,0.78,0,0.0
77,6,2,39,0.72,5.0,32,0.11,1,45.0
119,12,11,21,0.69,8.4,15,0.91,0,0.0
11,0,11,44,0.37,13.3,30,0.19,0,0.0
84,6,3,86,0.6,11.3,33,0.61,1,45.0
148,14,10,168,0.5,9.5,1,0.99,1,2.5
101,11,14,111,0.64,3.2,11,0.88,0,0.0
8,0,17,96,0.35,11.0,20,0.96,0,0.0
8,0,19,61,0.63,4.2,43,0.34,0,0.0
107,10,13,89,0.37,12.2,63,0.11,1,45.0
44,1,9,144,0.75,5.3,132,0.19,0,0.0
21,0,18,31,0.39,7.4,18,0.5,0,0.0
105,14,16,84,0.37,6.6,13,0.79,0,0.0
107,3,11,67,0.63,13.2,67,0.15,1,45.0
128,12,16,102,0.66,3.6,26,0.66,0,0.0
56,6,16,112,0.44,9.4,92,0.32,0,0.0
56,7,8,149,0.14,3.8,99,0.34,0,0.0
128,4,14,16,0.37,11.2,15,0.66,1,22.9
67,1,18,137,0.77,13.8,103,0.47,0,0.0
120,0,10,64,0.6,7.6,13,0.81,1,6.9
66,6,9,115,0.65,8.3,96,0.16,0,0.0
11,0,19,71,0.03,14.1,4,0.79,0,0.0
96,5,14,99,0.37,8.8,91,0.06,0,0.0
18,0,17,107,0.52,8.3,75,0.19,0,0.0
90,12,10,86,0.66,9.5,27,0.66,1,7.7
137,2,13,128,0.04,11.0,47,0.85,0,0.0
134,14,13,45,0.68,3.4,34,0.25,1,0.0
66,2,7,98,0.44,12.7,60,0.33,1,24.1
83,6,8,161,0.16,7.7,72,0.54,0,0.0
142,1,4,154,0.25,2.9,117,0.21,0,0.0
62,0,17,139,0.23,12.2,36,0.81,0,0.0
124,8,19,150,0.42,6.9,33,0.77,0,0.0
137,8,17,168,0.04,3.3,159,0.15,0,0.0
69,6,8,102,0.13,10.2,51,0.46,0,0.0
17,0,5,123,0.65,13.4,25,0.77,0,0.0
86,2,9,37,0.11,13.5,15,0.34,1,45.0
143,17,14,164,0.19,14.4,56,0.63,0,0.0
56,2,14,152,0.36,13.3,127,0.05,0,0.0
121,6,18,42,0.41,2.0,0,0.61,1,8.2
30,0,18,29,0.61,6.9,29,0.15,0,0.0
38,0,6,179,0.36,12.6,12,0.83,0,0.0
56,4,7,149,0.63,6.8,100,0.36,0,0.0
116,13,14,110,0.49,9.8,74,0.28,0,0.0
86,3,15,32,0.09,9.9,14,0.84,0,0.0
46,5,5,121,0.13,6.7,97,0.05,0,0.0
25,2,8,23,0.35,13.8,19,0.4,1,14.4
46,1,9,100,0.32,8.5,66,0.37,0,0.0
145,6,14,162,0.59,8.0,119,0.28,0,0.0
117,1,7,86,0.46,15.0,18,0.91,1,11.4
109,13,7,94,0.31,8.4,24,0.75,1,19.3
21,0,4,118,0.14,4.3,85,0.06,0,0.0
124,16,4,40,0.18,8.7,15,0.71,1,45.0
141,0,14,131,0.46,12.6,65,0.53,1,1.7
