tasks_assigned_last_30d,tasks_completed_last_30d,avg_task_completion_days,attendance_rate_30d,overtime_hours_30d,collaboration_score,productivity_score
33,30,10.0,0.91,41.3,77.3,75.6
30,23,7.5,0.97,15.1,81.3,76.9
34,21,2.5,0.82,19.3,53.9,67.1
30,15,5.9,0.77,48.7,53.1,56.9
34,33,10.3,0.86,0.8,66.6,79.5
37,32,11.9,0.72,36.1,75.0,74.2
18,12,7.3,0.8,47.4,20.4,61.2
11,5,1.8,0.96,3.2,71.6,72.2
2,1,9.9,0.86,43.3,35.8,53.5
18,17,13.9,0.83,20.8,39.5,70.7
29,24,7.9,0.78,43.9,12.0,69.0
39,21,14.0,0.78,15.4,58.0,57.0
37,25,6.0,0.77,49.1,13.4,66.6
28,15,13.4,0.95,32.4,87.2,58.1
38,36,12.0,1.0,31.4,60.9,84.6
26,17,14.5,0.86,40.3,94.1,61.4
35,30,12.1,0.72,21.8,27.1,65.9
4,2,5.5,0.93,12.9,66.2,65.9
30,16,13.6,0.96,13.1,91.8,57.5
36,30,10.4,0.98,16.5,31.9,75.2
11,10,3.3,0.89,30.9,13.7,80.6
39,23,1.6,0.85,41.9,62.1,74.3
39,27,6.1,0.89,25.0,37.9,61.9
2,1,12.0,0.7,20.2,29.6,50.1
2,1,9.7,0.9,39.7,94.4,60.6
33,26,8.4,0.91,14.5,72.9,74.8
23,12,1.1,0.92,34.5,48.7,66.7
20,15,7.1,0.87,5.3,9.5,66.5
36,33,3.2,0.91,5.7,22.2,82.2
7,6,7.4,0.89,32.2,31.9,73.8
35,27,14.9,0.73,4.1,48.8,61.3
16,15,13.3,0.97,7.8,49.8,73.1
4,2,5.3,0.89,31.2,7.2,60.9
38,28,9.3,0.92,21.9,89.9,76.3
23,20,8.0,0.8,28.1,53.9,78.8
30,17,2.8,0.98,48.8,6.8,64.5
15,14,14.9,0.85,31.6,68.1,70.2
31,20,7.0,0.9,29.5,11.4,69.0
16,10,8.1,0.99,19.0,69.9,66.0
30,18,10.1,0.97,31.5,68.1,63.4
15,9,3.7,0.89,0.6,93.6,72.9
4,3,4.1,0.75,27.9,35.8,70.3
23,16,3.7,0.99,3.4,18.0,72.0
34,20,6.4,1.0,11.0,13.3,67.0
24,21,3.8,0.73,28.2,11.5,70.5
8,4,14.0,0.84,33.4,77.9,52.1
21,19,11.0,0.86,19.2,69.7,76.0
8,5,13.6,0.73,20.9,92.8,64.7
18,13,12.9,0.76,24.9,32.8,55.5
33,22,10.8,0.86,38.0,77.3,68.0
16,12,4.4,0.99,0.9,13.4,72.1
14,12,9.6,0.71,22.4,86.3,75.3
4,3,3.6,0.97,0.7,9.7,76.7
26,16,2.9,0.97,16.0,75.9,75.1
33,25,9.9,0.96,26.0,32.7,68.4
17,12,9.7,0.81,4.0,21.3,62.2
2,1,3.2,0.85,24.3,68.4,68.4
4,3,5.9,0.82,46.2,85.6,72.2
21,14,1.9,0.98,34.3,73.8,79.5
29,21,11.0,0.86,39.1,33.2,64.5
23,14,14.8,0.72,29.0,36.8,47.1
37,32,11.4,0.78,44.8,22.0,69.1
2,1,12.8,0.84,7.3,79.2,57.6
15,14,7.7,0.99,22.5,14.6,78.6
16,12,2.3,0.87,29.9,86.3,78.0
33,27,11.2,0.91,43.7,59.1,68.4
19,13,4.6,0.73,15.4,58.0,63.8
39,31,6.4,0.96,0.1,80.4,77.1
23,15,10.8,0.86,48.7,65.1,60.2
17,14,13.7,0.98,1.3,32.4,65.1
12,6,7.8,0.83,7.6,36.5,60.2
8,4,14.5,0.9,21.1,20.6,47.1
10,8,8.3,0.84,24.8,46.8,73.5
2,1,2.7,0.74,41.7,14.9,60.2
9,7,8.3,0.78,22.4,63.8,69.2
12,10,13.0,0.72,27.4,20.2,67.0
6,5,8.5,0.83,10.0,82.8,78.5
30,20,11.5,0.89,28.5,68.0,61.4
7,3,8.7,0.77,17.4,85.2,58.7
13,12,8.6,0.85,4.9,12.8,72.2
8,7,5.0,0.84,47.3,76.9,83.2
13,9,3.8,0.86,4.1,84.3,72.1
34,20,4.9,0.76,33.9,9.0,60.6
20,18,7.2,0.86,45.4,94.9,83.2
37,31,12.3,0.81,9.0,32.1,62.4
20,10,12.6,0.79,11.9,24.1,49.9
22,12,3.3,0.88,21.3,42.3,66.3
20,19,8.7,0.74,14.7,5.8,72.4
10,5,6.8,0.97,38.0,84.7,68.7
23,14,9.0,0.98,16.9,29.2,70.7
20,15,10.1,0.9,49.3,51.9,67.8
38,22,4.9,0.79,42.9,61.1,65.8
12,7,13.9,0.89,44.8,76.2,63.3
26,17,14.1,0.88,3.2,27.5,58.7
36,22,2.5,0.82,8.8,69.5,77.8
6,5,10.8,0.79,8.5,15.6,66.1
32,24,1.5,0.75,33.6,68.4,81.8
15,9,1.7,0.77,0.6,87.7,73.7
14,9,14.4,0.9,40.3,12.7,53.7
35,18,10.7,0.97,27.4,15.5,55.1
35,18,5.5,0.82,28.3,55.2,64.5
19,16,10.4,0.74,26.9,9.2,66.1
7,3,12.8,0.7,26.8,21.9,49.0
22,16,13.2,0.82,9.9,22.1,60.5
6,5,1.3,0.77,14.2,48.3,82.1
3,2,12.5,0.8,24.4,27.4,58.5
7,4,12.9,0.77,33.9,47.8,53.0
9,8,9.3,0.9,13.6,51.9,72.3
3,2,7.7,0.89,40.3,70.8,72.2
24,22,2.6,0.97,40.5,90.1,93.5
21,16,4.4,0.91,13.7,50.3,73.2
5,4,7.9,0.75,28.0,37.0,67.0
16,14,13.1,0.93,17.4,28.3,70.3
31,21,12.2,0.75,9.5,62.1,59.8
21,17,7.9,0.87,40.3,89.9,73.9
25,14,12.0,0.72,49.6,73.8,51.1
10,7,11.7,0.71,28.3,23.5,57.4
22,13,9.1,0.84,45.7,85.4,64.7
39,25,4.1,0.73,32.1,71.2,70.2
14,7,5.9,0.79,28.3,16.5,54.0
6,4,3.3,0.8,24.0,69.2,72.7
15,11,1.1,0.93,11.8,31.0,79.5
8,6,2.1,0.8,4.2,49.2,81.3
7,4,11.6,0.85,22.1,32.0,56.1
13,11,1.5,0.93,28.1,12.6,84.3
17,12,6.6,0.76,25.5,74.2,73.9
33,27,14.8,0.94,34.8,79.6,66.8
12,7,12.1,0.95,9.6,25.9,58.8
5,4,11.5,1.0,17.7,26.6,71.2
30,24,4.8,0.83,20.8,43.7,74.7
35,32,10.0,0.81,9.3,78.0,76.9
10,5,8.0,0.91,45.3,12.0,53.8
11,7,9.7,0.72,34.1,77.8,59.9
9,5,7.1,0.71,4.6,88.0,66.9
37,22,8.4,0.8,35.6,55.5,67.2
33,23,14.8,0.92,27.4,10.4,56.1
7,6,5.6,0.73,26.2,29.3,73.4
7,5,4.0,0.89,49.5,15.0,73.4
28,18,7.3,0.78,30.9,28.3,66.9
3,2,8.3,0.9,44.8,78.1,66.3
10,5,2.2,0.84,45.7,10.0,62.3
39,26,12.3,0.73,5.1,30.5,62.4
6,4,6.9,0.77,0.4,51.5,71.5
35,27,6.8,0.77,21.8,83.7,72.6
15,12,10.2,0.75,38.5,27.5,61.4
11,6,11.8,0.84,41.2,75.0,59.0
8,5,14.8,0.99,39.4,57.5,60.2
21,20,3.4,0.9,22.4,65.9,90.3
12,11,5.8,0.95,37.5,82.6,86.9
14,9,3.4,0.99,35.9,7.4,70.3
18,14,13.3,0.86,15.7,52.7,63.6
38,23,8.7,0.77,8.4,72.2,61.6
37,25,12.9,0.98,31.1,84.6,68.3
34,30,14.8,0.91,33.9,16.9,62.7
11,8,8.7,0.99,28.4,35.7,64.3
35,32,2.7,0.9,10.7,12.1,81.8
14,11,6.1,0.93,13.8,80.1,79.5
26,21,1.5,0.97,35.4,82.2,92.2
34,17,12.9,0.93,48.1,48.5,52.8
11,9,1.3,0.87,47.2,6.9,73.6
25,24,9.3,0.84,26.0,14.2,78.5
6,4,2.5,0.95,44.3,61.2,75.7
11,6,1.1,0.93,1.5,93.4,74.5
28,27,4.6,0.81,43.1,80.5,82.9
37,23,8.7,0.85,23.8,76.8,68.2
34,23,2.1,0.89,39.1,42.6,74.9
29,15,9.6,0.71,0.3,93.7,59.2
4,2,10.4,0.77,43.4,79.2,59.9
32,19,14.6,0.78,29.7,35.2,55.3
30,23,13.6,0.96,12.0,72.4,68.3
22,17,8.9,0.8,17.4,43.9,70.4
33,26,12.1,0.86,10.0,64.4,68.9
29,22,6.1,0.95,21.2,92.3,84.3
22,16,9.2,0.78,16.5,27.2,61.6
36,32,6.6,0.74,26.7,76.6,76.5
31,29,5.7,0.98,40.7,58.1,80.5
18,11,11.2,0.91,49.1,90.5,65.4
30,16,5.2,0.75,12.6,17.1,59.0
3,2,6.3,0.95,5.3,69.8,68.2
34,17,6.1,0.94,19.8,8.3,58.3
5,4,13.2,0.95,7.2,27.2,70.8
26,16,3.4,0.78,41.7,33.9,68.6
6,4,6.3,0.83,25.1,43.9,72.9
5,2,13.4,0.91,31.0,91.9,48.6
30,23,1.2,0.82,7.5,11.1,76.1
38,19,14.3,0.72,37.5,20.2,47.1
9,7,13.6,0.74,48.7,23.3,61.0
21,20,6.8,0.88,24.1,43.2,80.4
7,4,10.1,0.81,48.1,10.5,57.0
37,23,14.9,0.7,1.7,91.9,57.9
33,23,8.8,0.93,1.8,55.4,68.0
6,4,2.4,0.83,48.0,78.2,74.4
21,12,13.0,0.79,35.0,74.5,52.8
5,4,2.9,0.91,9.4,64.5,75.6
23,13,4.6,0.84,18.2,86.4,68.1
34,17,13.2,0.91,25.4,86.2,56.6
32,24,4.6,0.7,35.1,16.5,67.2
30,16,11.4,0.7,42.1,86.2,57.9
6,5,7.3,0.87,4.1,52.2,77.3
11,6,11.6,0.99,32.8,29.1,52.6
12,10,4.3,0.78,23.8,59.8,81.1
38,27,6.9,0.9,29.9,30.3,69.0
23,18,5.5,0.75,25.4,48.1,68.8
25,14,4.5,0.79,22.5,78.5,71.5
22,12,5.4,0.72,10.3,7.9,55.3
37,30,5.5,0.96,23.6,21.5,83.4
17,10,14.4,0.79,9.5,91.1,60.9
3,2,8.5,0.77,2.2,45.1,63.0
16,11,7.5,0.92,18.7,32.3,67.6
27,16,8.0,0.76,1.2,88.1,60.5
31,27,14.9,0.77,28.1,87.0,74.6
3,2,10.2,0.73,3.6,9.0,54.5
30,21,10.8,0.99,21.9,37.6,65.6
7,6,5.4,0.77,49.0,87.2,78.3
2,1,7.6,1.0,0.5,21.2,59.4
12,6,3.6,0.75,18.3,57.0,64.3
24,14,10.6,0.71,33.7,33.9,53.7
27,19,5.8,0.97,7.9,71.3,75.9
32,24,11.5,0.87,28.0,19.2,67.8
16,10,4.0,0.81,12.9,58.6,70.2
10,6,6.6,0.85,11.1,5.0,54.0
35,25,7.6,0.78,44.7,27.7,66.4
18,15,3.3,0.89,10.2,19.6,73.1
36,19,2.0,0.88,18.8,23.9,62.3
37,31,5.4,0.72,8.5,82.4,74.1
4,3,8.6,0.97,14.2,87.3,77.0
12,10,10.1,0.84,14.7,73.0,68.9
29,17,7.0,0.76,16.3,58.1,66.7
29,15,8.0,0.79,32.1,25.8,59.1
20,14,8.6,0.96,37.1,29.7,64.1
3,2,8.2,0.81,25.5,32.9,66.0
33,30,2.3,0.87,30.5,74.9,91.6
12,9,6.7,0.98,40.7,27.8,69.7
17,9,3.9,0.9,50.0,92.6,73.6
12,10,8.5,0.9,22.8,76.7,77.8
4,3,11.6,0.77,46.8,95.0,66.0
30,29,9.1,0.9,24.5,46.3,81.9
6,4,4.1,0.82,39.1,58.0,69.6
29,21,3.9,0.97,28.7,30.2,78.9
32,25,1.5,0.74,44.2,59.3,75.5
14,13,7.0,0.79,22.4,92.7,87.3
26,21,7.1,0.72,34.8,7.7,68.6
7,4,4.3,0.81,23.3,31.0,67.3
4,3,11.7,0.74,42.9,30.3,60.1
23,21,6.4,0.95,49.7,93.4,85.9
33,25,10.4,0.98,12.2,16.9,58.3
31,23,10.0,0.9,23.7,78.1,72.0
8,6,9.5,0.73,4.1,29.7,59.9
26,21,13.7,0.8,7.0,82.5,69.5
3,1,1.2,0.99,46.5,48.9,60.2
9,7,2.0,0.74,27.2,26.8,74.4
34,23,11.1,0.87,19.8,68.9,61.7
29,28,5.9,0.81,33.6,80.7,85.7
11,10,14.8,1.0,28.0,47.3,68.2
39,28,4.0,0.79,14.4,69.3,74.9
19,18,3.6,0.71,11.3,21.3,78.9
14,9,9.2,0.91,29.5,89.4,65.9
22,18,4.9,0.8,9.4,13.7,71.5
34,18,5.8,0.9,7.0,25.0,59.2
24,13,13.9,0.73,15.9,31.0,52.3
2,1,1.4,0.86,43.1,18.7,67.7
22,20,8.4,0.81,1.8,41.6,70.7
6,4,5.7,0.86,41.7,46.2,69.5
36,24,5.8,0.96,31.0,51.7,70.5
19,13,4.5,0.99,2.0,8.7,66.6
39,36,2.9,0.93,30.1,24.7,84.2
37,22,1.5,0.93,21.3,77.7,77.7
30,19,14.8,0.86,42.1,78.0,50.4
27,24,10.2,0.73,45.4,34.7,72.5
37,35,11.9,0.9,14.3,46.5,76.4
39,21,1.9,0.74,39.2,21.5,64.1
19,17,1.2,0.77,15.5,79.0,85.0
30,24,9.4,0.91,14.8,91.1,77.1
32,19,11.1,0.9,9.6,31.2,55.6
14,12,6.5,0.79,33.9,75.4,82.6
31,26,6.4,0.93,13.1,36.7,78.8
8,4,6.4,0.98,23.2,5.2,59.2
7,5,3.1,0.86,40.6,59.0,73.5
3,2,11.6,0.9,39.6,41.9,62.9
9,5,4.0,0.78,42.8,73.3,70.0
11,8,5.5,0.99,8.1,72.4,75.4
23,12,10.4,0.78,29.3,90.1,61.3
11,7,1.0,0.97,45.7,44.4,73.6
36,21,11.7,0.98,2.1,48.4,53.5
20,15,13.6,0.92,39.7,41.0,57.6
5,2,1.7,0.94,12.3,31.7,62.7
20,13,9.3,0.84,33.5,62.4,69.7
21,13,6.7,0.98,35.9,79.5,67.9
5,4,2.1,0.92,46.3,19.2,75.3
27,22,10.6,0.8,25.4,93.4,74.8
4,2,9.6,0.71,42.4,66.5,56.1
31,30,10.0,0.86,2.3,75.2,80.2
37,32,12.4,0.95,21.0,94.9,77.5
7,5,5.0,0.96,22.0,50.4,74.6
28,20,10.5,0.95,26.9,11.4,63.9
17,10,11.4,0.76,24.1,76.1,56.9
17,16,3.4,0.83,48.4,83.4,86.0
37,18,14.4,0.88,3.9,19.6,50.4
35,29,5.8,0.9,13.3,7.2,74.5
25,18,11.0,0.8,48.4,17.2,60.9
7,6,11.6,0.91,22.3,34.2,67.4
21,14,8.1,0.88,28.6,88.2,68.6
10,7,2.8,0.87,4.1,5.2,66.9
22,19,4.9,0.9,14.2,77.3,77.4
12,6,4.3,0.88,2.0,81.9,66.0
31,16,8.3,0.75,6.9,78.0,59.0
2,1,4.7,0.96,31.7,12.4,62.1
28,16,8.7,0.77,38.2,66.1,64.7
7,3,5.0,0.92,43.5,90.9,62.5
8,6,1.0,0.75,12.6,15.8,78.3
23,20,6.1,0.9,16.6,7.9,76.3
35,34,9.5,0.97,28.5,83.6,88.0
21,15,11.8,0.7,4.2,63.0,58.5
16,10,1.4,0.99,40.3,63.2,80.1
10,9,4.6,0.71,24.2,91.8,82.1
19,17,14.8,0.7,48.3,74.3,64.7
37,30,4.7,0.96,5.9,40.8,77.4
31,19,11.9,0.91,6.7,44.2,56.2
12,11,8.1,0.73,17.4,18.0,74.0
34,20,2.7,0.98,10.3,32.4,72.5
7,3,10.0,0.9,34.8,45.1,54.9
23,20,14.5,0.73,47.3,28.5,62.1
20,15,13.4,0.96,4.5,87.4,71.3
23,14,10.7,0.84,12.1,6.1,57.0
32,26,8.2,0.78,11.9,57.8,72.0
26,22,5.5,0.95,25.5,74.4,82.0
31,28,6.0,0.92,22.6,70.9,80.8
5,3,5.8,0.89,36.3,62.9,65.2
27,13,13.9,0.97,36.6,41.9,49.8
8,6,4.0,0.96,28.6,87.7,78.2
13,12,6.3,0.77,29.6,34.6,74.4
2,1,7.0,0.96,42.1,72.5,61.0
7,4,6.7,0.81,19.8,88.4,70.7
2,1,1.1,0.83,0.6,16.6,61.3
9,4,4.8,0.99,10.7,90.2,69.1
34,32,8.0,0.93,1.8,74.8,79.8
5,2,11.6,0.8,19.7,60.5,50.7
7,6,9.0,0.89,17.9,38.6,71.0
4,2,6.4,0.86,4.9,86.4,64.9
16,10,10.3,0.73,37.8,9.0,62.4
7,6,10.3,0.97,27.7,43.9,71.4
7,5,4.5,0.95,11.3,73.1,76.0
38,32,2.5,0.93,38.0,78.0,82.1
28,24,12.2,0.87,33.4,23.2,70.4
6,4,8.4,0.77,9.6,9.3,64.1
18,14,3.5,0.97,49.1,77.3,78.3
24,15,4.7,0.81,8.9,43.0,66.8
18,16,11.7,0.71,38.6,17.9,67.2
24,19,10.1,0.99,48.4,12.7,67.1
34,21,14.2,0.96,36.3,62.7,56.0
3,2,7.5,0.89,33.3,57.5,65.6
11,8,1.7,0.7,45.2,81.9,74.3
20,14,10.8,0.77,13.5,7.8,61.8
10,5,4.6,0.84,13.9,83.2,68.6
16,15,5.5,0.89,32.1,84.9,91.2
25,24,3.8,0.91,44.1,45.2,82.2
13,10,5.3,0.94,30.9,11.9,73.3
23,16,12.6,0.87,48.9,90.2,65.5
19,12,9.1,0.9,11.1,11.5,61.2
3,1,2.5,0.94,41.3,58.2,62.4
16,12,9.2,0.92,46.4,49.4,78.5
10,5,9.9,0.99,21.4,80.2,71.4
23,22,13.4,0.96,48.1,50.2,74.3
18,10,13.0,0.75,10.1,47.2,57.6
15,13,1.9,0.98,47.6,84.3,85.7
32,20,13.1,0.76,45.1,91.8,59.7
8,4,1.7,1.0,3.3,54.4,66.9
36,28,3.2,0.91,26.1,45.9,79.7
35,30,2.6,0.89,26.4,79.8,88.0
4,3,3.5,0.8,2.8,79.8,84.5
3,1,12.2,0.74,2.0,33.7,39.0
28,18,10.6,0.74,0.3,56.9,64.0
3,2,10.6,0.96,26.2,18.9,60.8
6,5,13.9,0.83,23.2,62.2,65.8
22,18,6.5,0.87,47.0,80.1,77.2
8,5,1.0,0.98,17.1,21.9,79.1
26,23,10.0,0.78,32.9,34.1,65.2
2,1,13.2,0.93,0.4,45.4,53.3
10,7,14.7,0.84,33.2,81.1,65.6
3,1,6.1,0.76,45.7,70.8,51.3
4,2,12.5,0.96,17.7,33.5,54.7
38,26,12.9,0.9,15.7,26.9,57.1
5,2,3.0,0.73,31.3,67.6,67.2
22,16,9.8,0.86,16.4,48.2,63.0
27,23,3.4,0.96,20.1,58.4,85.4
38,37,7.3,0.72,13.7,63.4,79.3
15,8,13.3,0.82,17.2,55.3,53.3
11,7,12.1,0.94,34.0,60.2,61.3
27,20,9.0,0.96,46.1,84.9,76.3
11,6,12.3,0.93,29.2,83.1,60.8
38,21,3.1,0.79,0.5,18.4,58.7
19,13,3.7,0.85,13.2,57.8,74.8
28,22,3.9,0.92,47.6,44.5,77.9
18,16,11.9,0.75,45.5,30.7,70.4
11,10,13.5,0.88,5.8,61.8,72.2
12,10,8.9,0.92,45.4,51.0,68.8
25,15,14.4,0.95,48.2,74.7,61.8
20,17,11.2,0.73,16.2,13.4,68.6
17,13,8.9,0.8,35.1,32.2,68.8
24,17,9.6,0.86,28.0,7.3,63.5
13,12,12.9,0.91,16.9,72.1,75.9
20,17,2.3,0.92,7.7,87.1,90.2
26,21,3.4,0.78,18.3,57.9,83.0
4,2,4.7,0.7,46.4,60.5,63.2
14,13,13.5,0.91,40.6,9.2,69.3
22,19,14.2,0.97,16.5,50.3,69.6
23,14,6.0,0.94,27.4,52.4,75.9
30,19,13.9,0.89,20.3,8.5,47.7
26,13,8.7,0.99,23.3,75.4,61.4
24,12,7.6,0.83,38.1,30.0,54.7
13,10,12.7,0.86,27.2,70.1,73.8
24,14,8.6,0.7,9.1,41.3,57.8
6,5,7.4,0.98,13.5,94.6,75.3
30,27,1.2,0.88,28.4,24.1,81.8
6,4,1.2,0.82,34.6,10.2,72.9
36,24,9.8,0.71,25.4,93.2,67.1
36,23,2.0,0.81,31.0,26.9,70.3
18,9,11.3,0.7,39.5,62.2,53.9
31,15,9.7,0.8,27.3,38.7,58.0
3,2,7.4,0.99,48.9,62.6,72.6
16,15,10.9,0.75,11.8,58.6,71.5
24,23,14.9,0.86,46.0,68.7,72.8
27,24,4.4,0.76,12.4,6.7,80.0
12,9,8.8,0.94,26.6,80.3,74.7
25,23,12.8,0.87,22.8,48.1,70.3
10,7,1.2,0.76,18.6,51.7,72.7
15,8,3.8,0.96,48.1,42.0,66.8
25,21,8.3,0.94,13.6,94.0,78.9
8,7,8.7,0.99,33.7,77.1,79.1
11,5,2.2,0.7,40.2,33.0,61.1
34,21,6.7,0.84,9.9,75.5,66.0
34,21,8.3,1.0,48.7,44.3,68.6
28,15,6.9,0.94,27.3,83.3,67.0
9,5,10.8,0.95,45.7,7.8,60.3
15,10,11.8,0.89,33.2,37.0,63.9
8,7,7.4,0.91,32.5,43.7,76.9
19,17,7.0,0.94,17.3,72.0,78.0
27,26,10.9,0.73,38.5,21.4,73.1
16,8,8.8,0.91,1.5,30.8,57.5
34,17,13.2,0.94,27.8,70.1,53.8
12,6,7.7,0.71,1.6,11.9,49.2
20,19,9.0,0.79,15.3,23.1,74.2
19,10,2.8,0.8,4.8,72.8,68.7
23,18,12.7,0.96,45.6,83.8,70.2
37,22,6.9,0.93,31.4,70.6,68.2
19,9,11.1,0.9,33.4,52.4,58.3
19,10,7.0,0.94,42.6,13.9,56.9
23,19,1.0,0.84,36.7,79.5,91.3
26,15,6.6,0.96,6.2,16.2,57.1
32,19,3.1,0.77,30.9,39.7,65.6
10,6,6.6,0.91,48.9,9.5,57.8
39,32,5.5,0.77,10.7,68.9,77.9
20,14,3.8,0.71,31.0,50.3,72.9
26,25,2.7,0.79,28.2,86.7,95.1
16,11,11.2,0.85,19.6,17.5,60.8
6,3,11.6,0.95,47.7,78.7,60.4
12,9,4.7,0.85,17.8,51.0,71.7
14,10,7.9,0.75,4.7,37.9,61.3
35,31,7.5,1.0,48.1,62.9,83.7
9,8,6.0,0.78,36.5,76.1,83.5
26,23,4.9,1.0,17.1,44.6,82.9
28,19,3.6,0.98,14.0,26.0,69.8
12,7,13.2,0.86,46.4,87.4,66.3
19,18,12.7,0.73,13.7,33.2,71.8
11,7,6.8,0.91,26.9,94.8,70.4
34,30,11.1,0.95,10.7,74.1,75.9
37,36,8.0,0.83,49.8,66.9,76.5
18,14,2.2,0.77,38.5,6.1,73.8
6,4,12.5,0.94,28.4,45.4,60.4
24,20,4.1,0.86,37.3,50.2,86.5
4,2,10.9,0.76,45.8,38.9,54.3
38,28,8.4,0.98,48.2,18.5,59.6
11,7,10.7,0.98,39.3,38.1,67.7
28,16,7.6,0.81,42.5,11.7,59.1
8,6,10.8,0.72,19.9,31.2,67.5
30,23,1.5,0.89,19.6,12.5,77.7
7,6,1.6,0.8,40.4,72.7,85.2
10,9,13.5,0.72,38.0,65.4,66.5
9,5,11.5,0.97,45.0,89.6,63.9
15,13,12.6,1.0,6.7,39.2,73.3
39,26,7.4,0.81,34.5,75.8,64.0
10,8,7.4,0.92,32.4,57.9,72.8
12,11,8.5,0.72,39.9,63.1,72.5
12,7,4.4,0.81,1.2,54.3,71.9
36,28,11.3,0.73,41.3,75.1,70.9
12,8,12.6,0.72,16.3,8.8,53.2
37,33,13.7,0.88,34.4,12.2,68.9
4,3,8.2,0.94,30.8,13.6,63.8
20,17,6.8,0.84,22.0,31.0,75.5
9,5,12.6,0.86,37.3,58.2,58.9
29,24,11.5,0.78,48.1,63.1,66.9
2,1,13.1,0.92,16.2,69.1,55.1
31,22,10.2,0.81,37.4,30.3,64.3
39,26,13.4,0.72,15.7,63.5,62.2
12,7,2.2,0.75,42.3,15.6,60.4
30,15,10.5,0.74,21.9,5.9,49.4
32,18,2.2,0.83,22.5,67.5,68.6
11,5,11.5,0.72,38.6,69.4,53.7
36,33,9.8,0.94,24.8,61.0,77.5
30,27,1.2,0.97,13.3,28.3,88.0
38,35,9.4,0.77,49.8,88.5,73.9
3,2,3.0,0.85,31.0,83.8,75.2
2,1,3.0,0.86,32.3,51.4,72.1
33,24,3.1,1.0,32.3,94.0,81.9
25,23,7.8,0.72,44.2,31.9,77.1
3,2,2.6,0.9,9.2,49.2,70.8
4,2,2.8,0.8,3.0,88.5,63.9
10,7,4.6,0.85,19.3,46.6,76.7
25,12,1.0,0.77,28.2,47.4,68.7
13,8,4.9,0.75,14.3,12.1,61.8
35,25,9.7,0.77,34.5,24.0,67.6
35,33,9.4,0.72,3.7,19.2,69.5
24,19,14.6,0.78,39.5,55.9,60.1
20,13,2.7,0.91,35.9,33.7,72.0
33,24,13.1,0.9,10.7,11.9,58.2
29,26,6.5,0.87,14.9,50.9,75.7
27,17,6.4,0.7,40.4,65.2,65.5
13,10,5.9,0.74,38.7,71.3,74.9
32,20,2.7,0.95,40.7,80.4,78.3
12,8,7.7,0.78,16.1,48.4,73.7
5,2,12.0,0.97,48.5,40.2,52.9
19,17,13.3,0.96,35.8,66.6,69.9
30,15,14.5,0.75,3.3,6.2,51.9
32,19,12.0,0.97,23.9,62.0,61.6
29,19,9.7,0.89,33.2,41.5,64.5
28,22,8.0,0.89,8.4,45.8,69.6
31,26,13.2,0.96,45.1,31.7,66.3
12,6,11.4,0.82,37.7,16.5,50.5
15,7,3.3,0.92,4.1,41.1,65.4
5,4,10.6,0.9,45.7,32.7,70.2
37,31,7.0,0.93,20.2,91.4,80.0
2,1,9.3,0.9,22.6,89.9,65.9
38,31,13.6,0.72,39.2,63.0,63.3
34,29,10.1,0.79,32.2,86.3,78.2
22,15,14.1,0.98,21.9,72.6,61.7
25,19,13.1,0.77,13.0,36.1,57.7
14,12,2.8,0.84,25.8,59.4,82.4
35,20,1.2,0.81,29.0,24.8,67.8
39,27,6.4,0.73,31.5,66.8,66.9
30,26,13.1,0.75,30.3,9.0,62.3
37,28,4.2,0.79,30.9,79.8,76.2
6,5,10.7,0.84,23.8,57.5,71.5
21,13,7.7,0.96,28.1,10.3,64.6
30,15,11.4,0.85,14.4,83.5,57.5
12,6,3.3,0.9,7.9,84.0,66.1
9,8,4.3,0.83,30.3,81.8,83.4
29,28,4.4,0.96,2.3,74.7,91.1
19,11,8.7,0.9,3.3,66.0,61.3
31,17,5.1,0.73,12.4,40.7,59.3
15,7,12.4,0.84,9.7,17.3,43.4
10,6,5.9,0.95,18.7,31.0,64.1
11,7,10.3,0.92,18.6,36.2,64.5
26,16,14.3,0.97,5.8,37.2,53.6
28,25,9.5,0.77,12.3,55.9,73.8
3,2,4.4,0.99,0.2,23.8,68.5
4,2,12.6,0.79,17.5,22.1,47.6
30,25,1.2,0.72,39.8,69.5,86.7
38,28,4.6,0.85,13.3,5.7,69.2
28,15,6.4,0.73,32.2,18.5,54.2
5,4,3.7,0.9,4.9,44.1,73.2
36,19,9.5,0.97,0.6,18.4,52.9
28,16,8.8,0.98,24.9,91.4,64.2
20,11,6.7,0.88,23.1,65.3,68.1
11,10,5.1,0.86,9.6,43.9,79.8
27,22,7.1,1.0,14.3,15.1,73.3
8,5,5.1,0.87,1.5,39.7,66.3
28,25,4.1,0.98,39.9,63.6,84.2
31,18,5.9,0.97,15.1,92.2,74.3
13,12,9.4,0.79,11.0,47.5,77.7
6,5,10.1,0.7,40.2,67.3,75.8
14,10,5.2,0.83,2.0,22.6,66.0
5,4,14.3,0.96,14.2,61.1,65.7
3,2,4.7,0.95,13.1,26.5,70.6
38,35,11.0,0.88,13.1,22.8,76.3
35,32,2.1,0.75,0.6,50.8,81.0
7,4,10.3,0.73,46.7,24.0,56.9
27,16,7.4,0.99,43.2,69.9,65.6
12,6,9.0,0.83,20.7,89.4,64.5
2,1,3.6,0.89,22.3,40.4,65.3
35,23,7.1,0.97,26.2,34.0,64.9
22,11,11.7,0.96,23.9,20.8,52.9
11,7,11.7,0.87,39.0,40.1,61.1
6,5,4.3,0.85,24.4,55.4,71.3
27,24,5.9,0.92,9.4,38.6,81.5
20,10,1.1,0.8,5.8,61.1,63.7
22,11,2.3,0.89,45.9,64.6,67.4
35,20,2.8,0.71,2.4,13.8,62.3
30,28,5.1,0.95,44.9,67.8,76.8
39,28,11.6,1.0,34.5,86.0,68.0
16,15,8.1,0.99,20.2,7.4,77.8
17,16,12.1,0.81,9.4,54.6,78.5
19,17,11.6,0.86,15.5,59.3,75.6
2,1,9.2,0.77,26.5,68.9,61.3
12,8,8.0,0.79,32.8,39.7,58.2
37,36,14.0,0.84,34.6,78.7,74.0
33,18,9.0,0.92,22.4,53.6,67.1
29,22,7.8,0.71,18.7,41.8,71.2
7,4,13.2,0.82,38.4,69.7,55.1
8,5,2.0,0.87,46.3,88.5,76.4
25,23,10.2,0.76,45.7,78.1,78.8
11,8,2.6,0.72,27.6,88.8,81.7
31,27,12.5,0.86,4.0,28.9,66.7
18,15,12.1,0.89,3.7,15.7,64.3
9,6,8.1,0.89,20.1,53.1,69.0
13,11,10.3,0.81,36.6,9.0,69.6
27,26,11.8,0.77,24.9,65.7,74.5
18,17,7.8,0.77,31.4,26.6,70.4
36,32,13.7,0.71,42.2,45.9,65.8
6,4,7.1,0.76,2.0,64.0,63.1
12,6,13.5,0.95,46.2,48.5,58.1
17,8,9.2,0.7,16.5,26.2,48.7
31,19,7.0,0.71,2.3,84.2,65.7
7,4,1.1,0.74,41.8,73.8,69.6
21,11,5.1,0.83,46.7,59.1,62.2
21,12,13.2,0.8,38.4,67.9,58.7
25,13,7.0,0.75,40.2,42.4,61.8
28,21,6.9,0.73,43.6,38.8,70.3
4,2,7.9,0.98,26.1,19.4,61.5
25,21,5.0,0.97,34.0,77.3,81.3
11,7,7.9,0.93,14.3,39.3,62.1
26,21,6.3,0.78,12.5,67.3,73.4
29,27,13.7,0.8,30.4,32.0,69.7
19,10,8.9,0.9,36.7,76.6,65.9
15,14,12.7,0.79,19.9,14.5,64.3
2,1,10.6,0.86,20.0,61.3,56.0
21,11,4.0,0.9,47.7,77.7,67.3
26,17,13.1,0.86,25.9,64.4,58.8
13,12,2.2,0.82,49.3,67.7,88.0
10,7,7.3,0.8,43.1,52.3,71.0
10,6,4.3,0.93,32.0,55.3,77.7
26,25,8.5,0.92,0.5,10.9,81.3
31,27,5.2,0.91,14.8,27.6,80.4
29,25,11.1,0.81,20.9,70.0,71.5
3,2,14.1,0.93,32.6,90.1,65.8
26,23,10.9,0.99,19.8,53.8,69.2
19,12,6.0,0.91,41.4,70.3,72.1
25,19,9.4,0.82,33.1,66.5,71.3
19,17,13.4,0.94,17.4,94.9,75.7
28,16,4.8,0.88,39.2,76.6,67.0
36,20,2.7,0.96,15.2,61.5,73.8
35,20,2.8,0.91,3.1,15.4,62.9
39,23,7.9,0.93,8.6,37.6,65.9
7,3,11.2,0.9,0.1,27.6,50.9
17,15,10.2,0.73,41.6,81.8,75.5
24,21,7.4,0.85,31.4,45.2,73.4
29,16,11.2,0.72,28.5,53.2,53.8
14,11,9.9,0.83,33.1,91.8,68.9
13,10,9.8,0.91,32.7,80.3,75.4
12,7,3.8,0.83,28.3,76.1,71.1
23,14,5.4,0.7,42.1,17.8,59.9
32,20,5.8,0.81,22.0,7.0,62.6
28,24,12.3,0.72,40.2,16.3,66.8
28,18,11.9,0.93,39.3,71.6,60.0
27,17,4.5,0.94,10.0,42.0,68.3
8,4,1.8,0.94,22.7,15.6,60.9
12,11,11.7,0.71,41.7,71.5,69.2
23,20,6.7,0.71,41.5,22.5,71.3
20,14,4.1,0.97,1.2,58.0,78.3
39,37,2.6,0.74,11.2,71.7,88.5
21,13,1.2,0.9,21.2,59.7,78.5
20,16,7.0,0.94,2.4,94.4,80.8
20,13,5.8,0.83,13.0,44.1,64.9
37,24,10.8,0.86,12.9,33.1,65.5
28,25,14.7,0.77,10.7,23.1,65.8
18,16,3.9,0.98,19.8,50.3,89.6
19,12,4.4,0.79,40.7,81.7,76.7
21,11,5.7,0.77,12.2,90.2,65.4
9,6,7.5,0.86,29.1,92.5,70.4
12,10,10.8,0.76,27.9,52.8,62.9
31,17,5.9,0.91,40.9,59.5,65.9
13,10,2.5,0.85,19.7,57.3,79.5
24,22,11.2,0.74,11.2,46.9,69.4
7,4,12.1,0.72,44.6,18.7,49.5
36,33,4.5,0.74,41.6,10.9,78.1
16,8,2.9,0.74,31.1,44.3,58.1
39,32,8.4,0.79,4.7,21.8,72.4
29,25,3.9,0.95,0.8,84.8,87.5
8,5,6.2,0.72,9.1,73.6,65.9
7,4,11.9,0.74,9.8,60.7,55.9
28,26,4.1,0.79,6.8,9.3,79.0
3,1,12.3,0.87,13.1,61.0,49.4
7,5,10.4,0.93,16.9,60.9,73.9
33,22,4.1,0.98,37.7,44.5,71.3
30,21,8.4,0.82,35.5,64.2,72.6
35,26,9.6,0.73,5.2,82.2,68.0
2,1,3.8,0.76,48.9,73.2,63.6
16,9,3.0,0.79,37.6,47.6,66.3
11,9,8.4,0.94,8.2,28.6,74.7
11,5,10.7,0.91,6.2,48.0,51.7
11,5,7.5,0.76,4.4,90.1,60.0
38,28,2.0,0.95,36.6,78.8,80.4
33,25,14.0,0.96,11.8,7.4,58.5
37,23,10.7,0.96,3.6,75.5,68.5
26,20,9.7,0.78,21.1,20.4,65.2
16,12,10.0,0.74,35.4,56.4,64.5
10,6,6.6,0.73,15.2,77.6,65.1
17,14,14.8,0.82,24.1,55.5,66.0
20,19,2.9,0.83,9.6,41.3,84.4
13,9,11.3,0.96,21.5,33.9,63.6
36,32,6.9,0.78,17.9,32.5,74.4
6,3,13.3,0.89,21.7,80.4,59.0
39,34,11.0,0.94,23.3,79.3,78.1
7,5,8.9,0.78,4.6,79.1,68.0
15,12,14.1,0.78,4.7,30.4,61.1
13,12,13.8,0.9,13.0,76.9,71.2
23,14,1.7,0.92,5.8,8.3,68.3
5,3,3.7,0.99,12.6,23.6,66.4
19,10,10.5,0.95,1.2,51.3,58.3
32,27,13.9,0.95,17.5,41.6,67.0
36,33,7.0,0.91,10.7,15.1,75.4
5,3,1.5,0.74,44.6,8.8,66.1
10,6,10.0,0.94,42.9,60.0,63.6
16,13,3.7,0.98,15.0,33.2,82.3
22,11,8.7,0.82,23.8,6.4,56.0
33,21,6.4,0.79,47.8,43.8,67.9
10,6,8.8,0.86,26.2,32.6,60.2
33,25,14.1,0.99,42.4,56.9,65.7
17,12,7.8,0.72,41.3,88.7,75.2
6,3,1.5,0.91,47.1,32.7,65.9
32,24,9.1,0.94,15.3,94.7,75.0
26,25,5.6,0.94,2.2,12.7,80.2
2,1,11.9,0.87,5.2,12.9,49.5
4,3,7.6,0.98,28.6,69.2,78.9
22,17,11.4,0.74,26.5,72.4,66.5
29,27,13.7,0.77,14.9,43.1,72.1
4,3,6.1,0.79,12.4,30.7,72.2
33,26,14.9,0.7,35.5,76.5,63.0
33,29,3.1,0.81,17.0,91.1,85.0
31,19,10.0,0.75,30.2,94.1,64.4
14,11,1.5,0.92,35.6,62.1,86.2
35,26,4.0,0.82,21.5,71.6,80.7
5,3,9.9,0.91,9.7,79.0,66.9
19,10,1.6,0.79,43.0,76.9,69.7
33,21,2.4,0.74,4.7,94.4,74.8
15,9,5.1,0.74,41.5,77.9,70.0
33,28,9.1,0.76,41.8,64.6,72.3
7,6,1.2,0.73,28.5,38.9,84.1
18,11,7.8,0.77,31.5,58.8,64.6
9,4,9.8,0.87,17.9,84.2,61.1
36,35,6.6,0.78,42.1,32.5,74.5
25,21,1.9,0.8,13.2,7.8,75.5
4,3,9.6,0.72,28.0,34.4,64.0
18,10,9.5,0.97,0.1,91.4,65.8
37,33,8.1,0.74,47.0,76.5,75.7
18,16,10.7,0.8,47.4,21.8,75.2
31,17,3.9,0.81,35.5,6.1,58.0
26,15,10.5,0.93,21.2,65.2,65.3
23,14,3.3,0.85,8.9,57.1,74.2
38,23,6.5,0.81,24.6,12.5,63.5
12,11,1.9,0.91,39.6,91.9,89.7
13,8,12.5,0.88,30.3,60.6,59.9
22,19,8.5,0.72,26.4,63.6,77.1
16,14,14.6,0.79,42.5,81.8,64.2
13,9,14.2,0.99,15.7,35.3,58.2
23,19,15.0,0.85,43.0,55.2,62.7
36,19,2.4,0.83,22.0,56.9,70.1
17,11,9.5,0.74,0.1,92.1,68.6
34,33,6.7,0.95,36.6,16.8,85.9
15,8,8.5,0.74,43.9,73.3,54.4
19,13,5.3,0.73,24.2,56.8,67.2
17,15,1.7,0.83,22.7,81.1,86.9
4,3,10.9,0.83,40.3,79.9,70.4
27,22,14.5,0.99,44.2,6.1,64.0
16,14,8.5,0.74,48.7,28.1,67.0
37,19,5.6,0.85,17.3,21.3,61.1
28,24,14.1,0.76,29.7,46.6,57.8
18,16,6.1,0.91,41.1,86.5,84.1
15,7,13.8,0.82,26.6,5.5,45.2
3,2,13.0,0.89,23.1,48.9,60.6
28,18,8.4,0.8,28.6,84.6,66.8
25,13,10.5,0.87,17.8,88.4,60.6
36,25,10.8,0.84,9.6,64.2,65.9
5,4,10.0,0.81,3.3,79.7,76.5
27,25,3.3,0.86,30.5,34.2,79.5
37,29,10.7,0.82,19.0,30.7,65.1
5,4,1.0,0.94,44.1,9.4,80.1
35,19,10.9,0.85,11.1,50.3,56.6
14,8,8.8,0.97,15.5,46.0,63.0
2,1,4.6,0.77,48.5,38.5,58.5
2,1,12.3,0.73,27.8,15.2,51.0
10,6,6.7,0.81,17.3,25.8,55.9
12,9,7.8,0.76,43.0,23.3,62.9
17,11,1.4,0.82,37.2,90.0,83.7
30,22,6.6,0.76,28.7,92.0,70.9
37,34,3.3,0.96,44.5,5.3,78.0
16,13,4.9,0.87,4.7,20.3,71.6
3,1,4.5,0.85,19.7,85.0,58.3
11,7,1.6,0.94,40.5,8.5,70.3
12,7,7.4,0.74,19.3,89.9,69.3
31,27,8.3,0.96,46.3,39.2,76.5
24,17,9.0,0.84,7.6,53.5,66.2
23,22,7.5,0.74,16.8,73.7,86.3
37,33,13.2,0.95,21.3,27.0,68.0
30,18,1.5,0.84,34.3,14.1,68.6
33,29,9.6,0.88,9.8,77.9,77.2
34,25,13.1,0.97,0.5,93.6,70.5
10,6,1.6,0.97,48.8,64.3,71.0
2,1,7.9,0.97,44.9,79.3,60.1
19,18,9.2,0.83,15.0,89.7,83.9
23,17,3.7,0.92,24.2,25.6,80.1
38,32,4.5,0.77,24.4,36.5,75.9
15,11,12.0,0.95,43.5,24.7,58.8
23,15,8.9,0.8,29.9,10.6,56.7
34,30,5.4,0.84,41.3,70.9,84.3
7,6,11.7,0.97,45.6,18.1,63.0
28,15,11.5,0.94,28.3,13.3,54.3
7,4,5.8,0.99,14.3,37.2,65.3
17,12,7.8,0.81,24.9,10.5,62.5
3,1,10.3,0.75,42.5,21.2,40.9
38,33,5.8,0.97,29.2,11.3,78.9
30,16,9.8,0.85,44.8,84.0,63.2
24,21,4.5,0.97,44.8,75.2,87.7
22,17,5.1,0.92,18.7,82.4,81.1
14,9,5.3,0.96,22.4,83.1,74.4
2,1,14.1,0.9,33.9,90.0,56.1
30,17,12.7,0.94,5.6,21.8,56.7
8,5,8.9,0.74,23.3,86.0,60.7
32,27,8.9,0.99,7.5,52.3,76.5
23,15,1.8,0.75,42.4,20.0,67.5
17,14,10.1,0.71,47.1,64.0,70.4
29,21,5.6,0.86,7.1,34.4,67.3
26,14,9.6,0.91,33.4,9.2,58.1
15,11,12.8,0.91,31.8,12.1,62.3
22,19,1.6,0.8,38.0,43.1,80.1
20,12,9.5,0.93,34.8,79.4,64.2
14,11,8.9,0.95,10.9,33.0,68.6
3,1,3.9,0.88,14.6,74.0,60.0
37,21,10.1,0.82,8.3,10.0,60.5
15,10,8.8,0.88,46.1,40.4,58.9
35,24,11.7,0.96,26.1,16.5,62.1
19,16,2.5,0.97,48.8,82.7,87.2
25,18,7.2,0.71,22.5,92.1,70.9
31,16,15.0,0.74,27.6,34.3,42.6
20,16,10.6,0.7,39.5,94.0,70.2
37,27,10.6,0.85,39.9,72.7,64.2
22,14,5.5,0.83,11.6,5.1,65.2
20,18,2.3,0.86,14.4,48.7,80.5
27,15,14.3,0.91,4.9,80.1,56.2
36,34,2.5,0.81,40.3,53.0,83.4
5,3,14.9,0.76,39.7,54.5,56.5
22,16,2.8,0.82,4.1,45.3,79.3
4,3,3.4,0.7,12.9,40.6,72.0
6,5,5.3,0.95,22.5,7.5,72.1
30,16,8.2,0.82,27.1,61.0,66.3
20,15,12.1,0.89,26.1,74.0,67.9
18,11,14.6,0.8,49.2,76.1,57.1
35,26,6.0,0.88,38.2,61.2,73.6
21,18,1.3,0.86,5.7,35.7,81.6
29,21,9.6,0.76,14.7,7.0,59.8
10,5,11.0,0.89,17.3,85.6,53.6
4,3,6.6,0.73,15.8,43.6,75.1
11,5,3.6,0.84,39.3,59.1,64.0
22,14,5.3,0.92,18.0,22.5,66.9
5,3,10.2,0.86,24.6,17.8,60.9
23,18,7.9,0.92,26.7,12.8,68.0
8,6,11.4,0.78,13.5,76.9,68.4
13,7,4.1,0.71,16.1,63.2,63.0
12,11,12.8,0.72,39.0,60.9,69.2
23,18,3.2,0.78,43.3,87.7,82.1
30,19,5.6,0.82,1.9,19.3,64.7
28,27,9.3,0.86,30.3,20.3,74.7
21,19,11.3,0.93,31.7,22.1,73.5
15,8,4.7,0.95,36.9,43.1,63.2
8,6,14.3,0.91,34.7,83.7,63.4
16,12,10.9,0.84,43.9,84.3,67.8
29,17,4.0,0.78,3.9,58.2,66.5
11,6,11.2,0.83,19.4,64.2,57.2
4,3,10.7,0.78,39.1,85.8,67.6
13,8,11.5,0.89,42.3,61.2,63.4
14,12,13.8,0.95,13.2,25.7,70.7
35,19,11.0,0.86,29.3,68.4,58.8
2,1,5.9,0.71,9.0,74.3,63.6
39,35,12.1,0.98,42.5,62.2,72.0
26,22,10.7,0.79,36.5,29.6,67.6
20,12,9.0,0.97,11.1,41.0,64.2
26,22,6.0,0.94,31.2,47.4,76.1
7,5,13.9,0.82,25.5,18.1,60.0
5,4,8.2,0.72,12.9,45.7,67.5
27,17,9.8,0.98,44.7,19.5,63.9
27,24,6.8,0.9,7.4,50.0,80.9
27,14,11.9,0.77,23.4,9.6,53.3
15,12,5.8,0.86,29.1,90.4,83.1
33,30,12.3,0.89,41.2,27.2,75.3
29,23,2.5,0.77,7.5,47.0,79.0
3,1,10.9,0.73,30.5,7.9,37.5
22,14,7.7,0.78,0.3,22.3,61.2
15,11,10.8,0.71,41.1,67.4,63.7
38,25,8.4,0.72,11.7,15.1,55.8
3,1,2.9,0.75,36.0,61.5,61.7
6,3,7.7,0.75,30.1,5.2,52.8
39,34,14.5,0.77,2.5,46.9,60.4
3,1,11.6,0.98,9.2,69.9,48.4
2,1,5.2,0.87,13.4,88.4,73.6
23,16,14.2,0.83,44.3,49.4,62.6
26,22,11.9,0.87,24.0,80.6,75.4
31,17,6.1,0.7,45.7,77.2,65.4
10,9,9.5,0.97,2.4,31.6,71.5
38,19,7.0,0.86,0.3,83.7,60.1
11,5,2.4,0.84,47.4,62.6,66.4
16,8,12.3,0.98,36.2,14.4,56.4
4,2,3.7,0.92,39.2,89.5,66.4
9,6,7.4,0.8,45.8,20.9,62.7
26,23,10.8,0.98,49.2,47.3,74.1
37,23,14.1,0.96,4.9,47.0,55.6
22,19,1.9,0.99,7.9,61.3,85.7
35,31,6.5,0.73,9.4,64.8,74.6
28,26,9.6,0.99,40.9,26.0,76.3
10,5,11.9,0.86,17.8,36.7,53.3
11,6,13.9,0.9,29.7,18.0,52.9
28,15,1.0,0.76,42.8,16.3,64.2
26,17,9.8,0.74,34.2,79.3,67.0
14,10,1.1,0.72,3.3,72.6,78.5
5,3,12.0,0.83,22.3,44.8,61.4
17,10,3.1,0.77,3.4,13.6,63.1
13,10,13.5,0.72,23.9,45.5,64.8
26,17,3.2,0.99,11.0,31.5,71.6
17,11,11.7,0.92,0.1,75.0,65.2
3,1,5.1,0.86,40.7,13.7,55.5
10,7,8.8,0.92,48.5,45.6,70.3
14,11,9.5,0.88,48.2,58.2,69.7
15,13,3.9,0.75,15.0,93.7,82.3
13,12,5.2,0.89,41.4,13.1,81.2
36,31,2.5,0.9,33.9,15.3,78.6
23,14,1.1,0.77,40.0,93.9,79.0
22,13,4.4,0.8,42.3,41.5,62.3
4,3,8.2,0.81,49.0,71.9,72.2
23,20,11.0,0.88,7.6,75.5,73.1
10,8,12.1,0.74,38.5,33.3,58.4
4,3,2.0,0.92,36.7,24.3,74.4
32,20,4.8,0.8,14.4,29.8,65.0
38,35,11.8,0.91,19.6,73.8,82.2
7,4,7.7,0.98,8.8,80.6,58.2
15,10,3.6,0.96,45.7,68.0,74.2
20,13,6.5,0.92,44.0,44.7,66.7
19,14,4.8,0.76,30.7,28.6,67.8
8,5,1.7,0.92,25.6,43.3,72.8
37,27,11.7,0.89,11.6,87.3,68.1
30,23,5.1,0.93,39.5,82.7,77.1
4,2,14.2,0.96,0.4,34.1,50.9
14,8,13.4,0.79,23.1,34.5,57.8
37,30,11.0,0.89,43.0,75.2,71.5
26,23,5.6,0.78,30.9,43.4,76.0
29,21,4.9,0.8,31.8,56.5,73.0
39,32,7.7,0.86,3.5,43.0,71.5
12,9,6.0,0.83,14.3,26.8,73.6
10,5,13.6,0.88,33.7,22.0,47.8
23,16,2.7,0.93,2.5,17.6,73.4
22,11,11.1,0.88,16.5,6.0,51.8
20,16,9.6,0.99,17.7,30.3,71.0
34,25,12.3,0.92,24.9,20.4,59.2
5,2,8.6,1.0,18.1,28.2,52.0
34,26,9.8,0.92,22.7,11.8,65.6
17,16,14.5,0.85,27.3,35.7,65.7
2,1,2.3,0.82,6.4,51.8,62.9
16,15,2.5,0.92,9.0,90.0,89.3
23,22,6.5,0.91,41.6,36.2,81.6
33,29,7.6,0.9,23.0,7.8,77.8
38,34,3.8,0.92,17.8,37.6,83.1
24,16,2.2,0.96,21.7,78.6,79.6
34,23,1.3,0.77,8.7,35.6,73.0
23,22,11.7,0.87,12.0,31.3,71.8
13,8,7.8,0.88,25.8,87.7,69.0
19,10,12.8,0.79,17.9,31.8,52.9
33,19,6.1,1.0,23.8,92.3,74.8
4,3,10.8,0.94,7.5,79.9,62.9
37,25,7.8,0.8,7.8,66.6,69.7
2,1,9.6,0.81,19.2,58.8,56.5
26,23,6.2,0.92,18.9,25.2,78.9
21,15,2.1,0.7,44.2,70.7,76.9
18,14,14.3,0.84,1.7,36.2,60.4
23,13,12.7,0.8,49.6,48.7,55.5
34,20,5.4,0.96,47.8,14.4,64.6
27,15,14.4,0.94,27.1,31.7,52.8
28,21,5.2,0.8,35.9,52.6,73.1
35,31,7.2,0.96,46.8,47.1,75.1
24,20,11.6,0.97,12.6,35.9,69.6
17,10,5.3,0.87,15.8,47.5,60.6
15,13,5.5,0.75,5.5,72.0,79.7
15,8,6.7,0.93,28.2,46.3,65.7
27,15,7.6,0.8,8.0,50.6,56.5
28,25,2.7,0.86,46.5,68.1,84.1
5,3,1.2,0.71,21.6,80.7,78.2
10,8,13.9,0.85,46.0,52.4,70.8
28,14,5.9,0.81,10.3,90.3,64.6
16,8,2.4,0.91,34.7,36.8,66.1
26,20,11.6,0.71,32.4,27.7,61.9
19,11,5.1,0.89,20.0,67.4,69.4
31,15,3.5,0.93,44.9,20.8,65.6
38,27,14.5,0.7,21.7,86.0,61.6
17,11,13.9,0.92,9.9,39.8,53.4
13,11,2.5,0.74,48.8,67.8,82.0
18,16,13.6,0.91,22.1,56.3,69.8
26,20,13.5,0.84,10.4,9.9,56.0
16,10,9.9,0.87,18.2,68.8,61.0
26,19,8.4,0.8,30.7,76.1,70.6
22,18,4.0,0.77,25.6,93.4,84.2
20,10,2.7,0.72,31.8,42.5,65.3
25,16,9.5,0.96,33.1,50.3,68.7
8,7,12.5,0.88,6.2,83.7,70.9
13,9,10.6,0.99,15.7,29.2,63.1
12,9,3.5,0.96,37.4,22.0,76.7
34,18,5.1,0.96,32.5,17.0,64.9
26,23,8.6,0.88,4.4,93.0,78.0
35,19,9.7,0.72,15.8,29.3,52.6
12,11,2.0,0.97,46.6,73.2,90.6
17,9,9.6,0.74,43.1,45.5,58.2
33,31,11.3,0.86,33.5,26.7,71.5
16,10,3.5,0.96,3.6,87.2,76.6
16,12,4.4,0.84,30.4,46.7,74.8
8,7,4.6,0.75,0.6,55.9,76.6
38,19,14.2,0.81,33.1,25.0,50.0
3,1,6.7,1.0,36.6,34.2,53.1
7,6,8.4,1.0,24.9,72.3,75.0
37,25,11.1,0.91,0.2,35.9,59.4
39,33,6.2,0.97,33.3,50.5,72.1
29,16,2.5,0.71,41.0,15.3,70.9
23,19,10.2,0.78,29.3,81.5,77.2
38,20,10.3,0.81,35.5,71.4,54.6
6,5,4.6,0.7,4.5,73.5,76.2
19,12,1.5,0.81,35.8,21.0,70.8
12,8,10.3,0.73,30.7,49.6,66.6
9,5,10.8,0.86,16.6,7.5,55.8
21,17,1.4,0.7,34.3,33.4,78.6
12,8,10.7,0.78,32.3,36.3,58.9
28,19,14.1,0.96,30.0,87.2,65.9
30,24,3.5,0.76,9.1,94.4,82.6
26,15,8.3,0.72,14.8,60.6,61.2
20,18,10.8,0.77,49.6,51.5,71.2
3,2,4.2,0.95,21.7,44.6,71.5
3,2,11.5,0.88,3.0,6.6,61.0
8,4,13.2,0.88,45.0,77.0,49.5
32,26,12.4,0.7,8.6,65.5,67.0
34,17,4.6,0.84,20.2,63.4,65.1
12,10,12.3,0.78,13.9,77.8,64.1
14,9,6.8,0.8,48.2,88.5,68.2
11,6,4.7,0.88,18.9,40.1,62.0
39,22,3.4,0.96,35.4,43.4,66.0
21,20,13.7,0.75,29.9,92.8,72.5
22,19,7.0,0.93,2.1,64.8,82.4
15,9,13.1,0.71,19.2,81.6,57.9
25,24,3.2,0.8,19.5,24.9,85.3
8,4,11.7,0.77,49.5,33.5,46.6
6,5,2.5,0.97,40.6,40.2,80.0
7,5,1.2,0.75,42.8,33.5,72.8
36,32,14.9,0.87,15.7,84.6,71.6
10,6,2.0,0.75,16.5,51.0,71.7
2,1,7.5,0.84,25.8,90.8,65.0
21,17,13.3,0.82,31.6,33.9,61.6
7,4,12.5,0.71,36.4,8.4,52.1
33,17,7.6,0.95,41.0,17.4,56.2
14,12,9.6,0.93,43.7,24.5,72.0
22,18,9.8,0.78,1.2,62.6,66.2
38,27,2.5,0.88,39.8,21.3,72.3
13,8,5.0,0.81,30.5,39.3,68.3
7,4,5.2,0.93,26.6,76.6,70.6
16,13,6.3,0.91,31.4,16.2,70.6
22,19,4.8,0.73,44.1,12.2,75.0
22,20,4.5,0.95,27.3,53.6,82.1
29,25,6.0,0.75,8.1,67.8,72.7
37,32,6.3,0.75,21.8,87.0,83.4
18,11,7.8,0.92,46.2,64.6,63.0
8,4,3.4,0.75,40.7,90.2,69.7
24,21,12.0,0.74,10.2,27.0,65.5
23,12,13.0,0.8,35.7,35.8,53.0
11,10,4.5,0.95,12.8,80.5,84.2
19,17,2.7,0.75,17.4,78.0,87.8
3,2,11.1,0.8,23.4,64.8,62.0
13,8,13.9,0.79,22.0,50.5,54.9
23,17,1.5,0.81,1.5,6.6,66.2
23,19,1.2,0.91,38.7,30.2,76.6
23,20,3.6,0.82,42.3,19.3,79.9
7,3,10.6,0.93,26.5,9.6,48.0
38,34,14.5,0.89,8.6,74.8,64.9
21,17,11.5,0.81,12.4,16.8,62.3
7,3,9.0,0.83,6.3,37.2,53.9
10,6,10.8,0.91,8.5,93.0,61.0
30,22,4.2,0.86,43.8,41.8,76.4
38,22,10.6,0.96,24.0,17.7,56.3
6,3,5.5,0.98,5.6,67.1,64.3
14,7,4.1,0.92,12.7,77.9,65.5
28,26,4.3,1.0,47.5,30.1,77.0
24,12,10.3,0.88,25.5,77.8,58.7
38,25,11.7,0.71,25.8,29.4,57.2
35,21,9.1,0.85,26.3,67.4,65.3
26,22,1.9,0.77,5.6,16.2,75.2
38,32,1.5,0.8,48.5,43.5,75.8
24,21,4.0,0.85,4.2,51.8,85.7
29,23,5.0,0.79,35.0,70.3,77.7
27,21,6.7,0.79,2.9,63.5,72.7
13,9,2.1,0.82,22.2,81.8,81.8
4,3,11.2,0.79,45.0,21.6,58.6
10,5,11.0,0.75,38.4,64.5,51.3
16,13,5.9,0.93,16.7,16.5,75.7
9,4,8.9,0.82,27.6,48.0,60.4
29,26,2.4,0.95,8.3,52.2,81.3
27,20,6.8,0.96,47.8,7.5,67.9
17,13,13.0,0.93,35.4,11.3,62.4
35,27,10.2,0.82,18.7,80.5,72.2
21,18,2.5,0.92,15.9,30.8,80.5
2,1,12.9,0.75,11.9,36.2,46.5
25,17,10.5,0.9,39.3,62.6,59.1
30,19,7.3,0.82,21.7,24.9,69.2
5,2,10.7,0.9,16.5,22.4,53.6
5,2,3.4,0.93,45.3,42.9,58.2
39,19,8.7,0.87,7.5,10.3,53.2
4,3,9.7,0.89,13.2,87.5,70.3
3,2,14.0,0.76,17.2,89.6,60.2
30,18,1.9,0.88,13.0,45.3,70.8
29,14,6.2,0.84,29.3,23.8,54.3
13,9,14.1,0.83,30.1,47.4,58.8
16,11,4.0,0.82,2.7,14.0,68.1
32,28,12.4,0.79,7.2,40.8,62.7
38,26,1.0,0.79,9.9,11.6,69.2
33,30,1.4,0.91,3.5,68.6,83.9
23,12,5.6,0.87,6.2,29.8,57.6
4,2,11.8,0.71,12.0,51.9,51.0
18,17,2.5,0.71,17.3,6.2,79.4
30,15,6.4,0.87,39.6,52.2,60.8
13,9,2.8,0.95,10.9,5.3,77.4
15,9,4.1,0.71,33.5,88.3,71.3
9,6,8.0,0.85,2.9,50.1,66.7
3,1,5.5,0.96,32.9,14.0,53.2
35,32,4.0,0.7,39.7,35.7,74.6
25,24,6.5,0.78,30.2,9.1,76.3
21,19,10.8,0.98,10.1,52.8,75.2
11,7,2.7,0.72,16.5,16.0,69.1
8,7,7.7,0.88,40.3,47.6,72.7
2,1,4.8,0.85,21.6,32.5,60.0
11,7,6.3,0.75,12.8,73.5,64.6
6,3,12.5,0.71,46.6,48.4,47.9
22,18,14.0,0.85,31.9,81.3,67.6
10,8,4.4,0.92,40.3,89.7,78.3
30,16,9.8,0.75,1.2,92.3,62.3
32,24,10.5,0.91,17.0,28.4,62.6
28,27,12.8,0.86,22.9,74.1,78.5
7,4,13.6,0.81,29.4,44.4,52.4
32,20,7.6,0.9,9.5,43.4,63.4
37,35,14.8,0.76,24.9,83.1,75.0
3,1,14.6,0.84,34.3,18.1,41.1
22,21,8.1,0.86,17.3,48.0,80.7
35,31,8.6,0.84,34.6,58.4,70.9
23,15,10.3,0.82,19.5,11.0,62.2
14,7,6.2,0.92,23.5,82.8,70.5
20,10,10.3,0.9,6.7,33.3,53.6
34,23,8.2,0.89,32.6,64.1,65.9
39,33,1.5,0.97,11.2,88.5,84.9
4,2,12.9,1.0,41.4,69.8,55.2
39,33,14.2,0.87,27.7,84.7,67.2
20,16,1.4,0.8,28.0,11.3,76.4
8,6,12.0,0.93,45.6,49.3,63.6
16,15,6.4,0.74,8.4,55.8,75.3
39,33,9.2,0.85,26.5,67.0,73.1
26,24,8.0,0.86,19.1,15.5,75.1
23,14,8.7,1.0,48.3,64.1,62.9
24,20,7.9,1.0,39.6,18.1,71.7
11,8,12.9,0.94,37.9,11.1,62.5
37,35,10.6,0.84,10.2,47.2,72.6
38,28,6.8,0.86,11.9,59.0,69.3
8,5,10.6,0.8,1.5,91.2,63.8
26,18,14.5,0.95,31.9,67.9,65.8
25,15,2.1,0.92,18.5,58.2,74.7
6,3,6.4,0.93,15.6,24.3,57.6
22,16,13.2,0.74,31.9,18.7,55.6
21,19,11.3,0.82,41.4,59.7,71.3
30,17,14.1,0.86,6.7,25.1,50.0
38,24,1.6,0.74,45.9,68.6,80.4
21,19,13.1,0.81,1.7,15.3,65.8
19,12,12.1,0.73,4.8,35.6,60.9
5,4,12.4,0.99,41.9,74.6,73.2
12,7,9.4,0.93,24.6,79.8,58.0
23,16,1.7,0.89,47.0,36.1,73.0
15,8,8.5,0.76,23.1,23.6,56.1
29,28,6.7,0.8,46.3,91.2,84.8
5,4,8.4,0.74,12.0,73.5,72.7
17,15,11.4,0.86,30.8,77.6,69.7
39,22,9.3,0.95,49.7,25.0,52.8
24,23,5.1,0.71,18.8,43.2,80.7
14,13,9.4,0.73,0.1,11.1,68.6
21,15,2.2,0.77,3.2,14.8,74.8
6,5,1.1,0.91,43.0,24.9,81.2
20,19,6.6,0.97,24.6,32.3,83.9
22,15,11.6,0.93,26.8,94.7,70.4
6,3,12.5,0.86,40.0,43.0,51.9
15,14,8.7,0.73,40.6,67.8,80.5
37,27,13.2,0.93,23.9,86.4,66.4
7,6,2.8,0.73,42.9,27.1,77.3
6,4,14.5,0.8,23.4,18.0,54.6
25,12,13.9,0.79,33.8,26.9,44.6
30,22,9.4,0.81,1.7,84.4,66.2
30,25,1.8,0.8,6.9,64.9,78.6
3,1,7.4,0.93,42.6,45.6,49.5
7,4,3.5,0.75,15.7,78.8,69.2
35,20,9.8,0.95,16.7,26.3,60.0
13,10,3.7,0.96,33.1,26.5,72.5
23,22,7.7,0.85,29.6,56.0,80.9
5,4,3.9,0.73,4.1,76.1,77.4
7,5,3.5,0.87,38.3,28.4,75.3
4,2,4.5,0.95,30.9,23.9,61.3
14,10,1.4,0.79,42.8,47.7,80.5
24,18,11.0,0.95,26.8,17.1,67.2
36,31,5.3,0.9,20.7,72.3,81.2
27,25,10.8,1.0,18.6,57.0,75.9
10,8,10.1,0.95,0.2,51.1,73.0
24,23,1.9,0.76,2.0,83.5,87.9
5,4,5.4,0.83,6.6,70.9,77.5
35,19,8.9,0.73,46.5,18.4,52.5
38,28,13.9,0.72,44.0,42.8,57.0
9,8,6.6,0.91,24.9,33.9,74.6
35,34,8.1,0.97,9.0,77.2,88.4
38,26,11.5,0.99,7.3,69.7,65.1
7,6,12.2,0.78,12.8,47.5,68.4
8,5,13.9,0.76,45.4,79.1,59.1
37,20,8.0,0.87,26.1,41.9,64.9
6,5,3.7,0.76,40.2,77.3,79.1
4,3,11.7,0.79,25.3,7.9,53.8
18,13,2.8,0.95,30.5,17.1,74.7
20,10,6.9,0.94,30.5,73.0,66.0
2,1,9.8,0.97,1.6,15.3,52.5
38,28,10.7,0.84,22.3,66.5,69.7
10,5,11.3,0.87,43.2,70.1,56.4
5,2,3.7,0.93,24.5,64.6,62.4
11,6,14.7,0.77,21.8,78.6,58.1
33,27,3.5,0.95,26.3,51.0,80.4
2,1,2.3,0.71,19.0,85.7,73.1
24,13,10.3,0.94,25.8,56.3,60.4
18,17,13.7,0.93,6.8,50.7,69.7
31,30,8.8,0.79,48.4,50.8,71.6
28,15,9.3,0.92,1.7,87.1,66.3
16,9,8.5,0.76,24.2,26.9,60.9
39,31,1.6,0.87,10.5,67.6,85.0
8,4,10.5,0.91,2.9,26.8,57.3
34,19,6.0,0.91,32.6,13.3,67.1
6,4,14.1,0.99,49.3,90.8,57.3
35,34,3.6,0.75,37.5,16.7,75.8
4,3,5.2,0.84,12.7,66.8,74.5
33,30,8.1,0.96,24.7,43.2,81.8
3,2,7.7,0.87,2.5,80.3,70.3
17,14,6.6,0.96,26.6,74.6,80.9
18,13,5.4,0.83,5.0,17.9,67.0
13,9,3.1,0.94,39.7,47.1,72.4
6,4,12.5,0.96,2.8,7.5,56.9
5,4,7.3,0.95,0.5,43.7,72.7
17,9,9.0,0.96,43.1,68.0,60.6
19,11,8.7,0.77,47.1,25.9,59.2
21,20,9.1,0.83,4.3,77.9,79.8
10,6,10.9,0.75,13.9,9.8,55.4
17,10,9.8,0.75,37.1,8.1,54.5
36,25,4.8,0.85,27.0,7.5,70.2
30,19,8.8,0.99,47.5,30.2,60.0
31,16,4.4,0.88,19.5,47.0,60.6
21,12,9.2,0.96,0.2,14.7,56.7
23,18,7.0,0.98,1.0,94.7,80.9
24,14,1.6,0.73,28.2,95.0,73.3
37,30,11.3,0.75,37.6,51.8,73.2
23,12,4.8,0.79,39.5,56.1,60.5
2,1,13.9,0.89,45.6,88.4,54.3
22,20,4.9,0.72,11.5,74.3,76.2
20,17,15.0,0.94,36.9,20.1,68.1
9,7,7.5,0.72,41.4,76.3,72.1
6,3,1.4,0.75,41.8,25.8,56.4
30,18,2.1,0.81,20.6,43.7,69.6
19,17,2.1,0.87,31.3,52.9,77.6
30,17,1.8,0.96,27.6,69.5,78.0
16,14,4.7,0.99,29.9,18.5,76.7
32,25,5.5,0.97,14.1,11.9,72.9
16,13,2.6,0.73,34.2,83.0,79.7
4,3,7.1,0.89,35.5,79.4,74.3
34,24,6.1,0.83,9.8,52.1,72.8
25,16,9.9,0.74,22.2,64.6,61.7
39,32,3.7,0.87,21.1,69.7,83.3
25,22,13.8,0.81,37.4,47.9,58.9
14,7,8.2,0.8,33.3,28.2,52.1
28,19,9.7,0.73,23.8,48.3,63.4
34,22,1.6,0.99,32.6,90.6,78.4
20,15,8.8,0.92,13.1,80.4,76.6
26,14,6.2,0.78,11.6,46.9,64.2
7,6,13.9,0.98,12.0,25.3,70.5
34,26,13.4,0.98,1.5,85.1,68.7
26,25,9.9,0.94,34.6,62.4,77.6
24,21,11.7,0.9,49.3,41.4,71.7
18,10,10.0,0.81,15.5,15.0,51.6
22,12,1.2,0.83,46.5,72.7,70.5
21,19,10.8,0.84,30.3,33.5,73.1
13,9,3.5,0.98,11.2,59.6,74.3
14,7,10.6,0.93,0.6,56.3,63.7
19,18,1.1,0.79,36.2,68.0,91.2
23,16,5.4,0.89,34.8,53.4,69.5
25,16,8.2,0.88,11.5,61.7,69.2
34,25,5.7,0.94,16.6,12.3,75.3
4,3,10.7,0.73,44.9,64.9,61.2
18,9,8.3,0.91,7.9,22.5,60.1
33,22,14.4,0.8,41.8,40.3,52.0
18,11,6.0,0.74,8.5,51.1,64.7
26,23,11.1,0.92,24.1,66.8,75.9
9,8,12.7,0.8,24.9,71.8,70.3
36,25,4.6,0.92,23.6,68.4,73.7
30,24,11.6,0.75,14.4,13.6,60.0
13,9,6.5,1.0,12.7,39.8,69.0
37,29,2.8,0.94,36.7,30.3,75.0
10,9,1.1,0.79,13.8,40.9,87.7
27,20,11.4,0.92,30.5,63.2,63.5
23,22,3.6,0.74,42.3,22.4,85.9
32,27,1.7,0.9,41.9,50.2,82.7
31,17,8.0,0.72,8.4,84.6,56.0
16,14,5.9,0.8,32.7,70.8,82.5
34,19,10.7,0.99,30.1,70.3,61.4
4,3,2.5,0.74,14.1,81.4,75.4
35,28,2.9,0.88,19.6,40.9,78.1
18,17,6.7,0.72,14.3,73.4,78.8
6,3,8.3,0.9,26.9,10.3,59.7
31,29,12.5,0.78,40.2,10.1,64.9
16,15,9.2,0.79,43.9,34.9,70.2
9,4,13.6,0.8,36.1,22.7,43.3
39,36,4.0,0.76,24.2,51.7,79.7
29,18,9.3,0.98,47.9,21.5,64.2
22,11,10.2,0.97,28.2,92.8,63.2
11,10,11.2,0.96,23.9,81.6,74.1
29,20,14.8,0.73,42.8,93.4,57.3
22,17,7.6,0.77,9.2,77.7,71.7
29,22,6.2,0.88,7.9,90.6,71.7
23,13,12.9,0.99,39.1,38.1,52.7
39,32,3.5,0.88,43.5,49.8,80.4
20,10,1.5,0.8,3.6,26.6,69.3
39,23,7.2,0.95,38.2,62.2,61.0
25,24,4.5,0.74,21.2,75.9,93.9
29,28,6.6,0.96,35.2,49.9,84.7
14,10,14.8,0.99,6.7,31.7,56.0
10,5,5.9,0.99,48.7,50.7,67.7
10,7,10.9,0.74,44.1,10.7,59.3
22,20,4.5,0.86,20.3,69.9,87.1
25,13,5.2,0.88,44.7,45.6,65.4
32,18,4.4,0.76,44.7,85.8,71.4
30,28,9.0,0.86,23.1,88.1,77.9
11,7,4.2,0.89,47.3,16.3,69.2
5,2,11.1,0.8,48.8,94.6,53.4
4,2,10.5,0.79,10.9,92.3,60.5
14,13,6.9,0.72,3.3,61.4,76.2
22,16,1.4,0.99,16.6,79.3,81.2
9,5,1.3,0.94,24.4,6.7,66.3
10,9,8.5,0.93,4.6,92.3,83.3
2,1,12.7,0.71,7.0,46.1,49.4
15,7,9.4,0.89,48.6,86.9,57.5
13,10,7.1,0.75,36.9,39.7,68.7
37,23,13.3,0.9,43.7,75.9,63.9
23,17,3.8,0.89,48.6,42.6,75.9
37,23,6.0,0.96,18.9,37.6,69.0
17,11,8.9,0.78,34.4,90.2,68.1
12,9,5.1,0.71,9.2,67.9,76.7
4,3,15.0,0.97,27.6,80.6,63.1
35,24,7.3,0.97,10.5,53.9,72.8
26,14,1.7,0.84,8.0,87.7,72.5
27,26,3.5,0.72,4.9,71.6,82.7
4,2,8.5,0.85,29.0,11.5,54.8
21,17,8.7,0.86,47.5,74.0,72.9
32,17,14.8,0.95,6.1,6.7,49.0
2,1,9.4,0.92,25.1,79.6,64.4
27,14,10.3,0.72,34.4,34.9,49.9
26,15,4.0,0.91,24.8,58.8,75.3
12,9,2.5,0.74,45.6,72.4,72.5
17,10,9.4,0.73,8.3,62.3,57.8
21,16,13.1,0.82,1.2,65.5,70.1
39,21,9.2,0.72,19.2,85.3,56.5
3,1,7.2,0.95,27.8,38.7,51.6
30,26,9.1,0.84,12.7,54.2,71.8
8,4,7.6,0.88,8.4,20.7,49.4
26,14,3.0,0.87,40.2,47.1,66.8
5,3,11.4,0.99,9.4,18.5,59.0
35,17,8.5,0.97,22.1,62.0,62.5
26,14,6.6,0.95,47.7,34.2,60.0
9,5,8.8,0.81,30.6,82.3,57.4
33,18,4.4,0.74,24.9,35.9,61.3
19,17,7.0,0.88,18.0,30.8,74.0
12,6,9.7,0.83,26.0,49.2,57.6
38,35,4.2,0.77,36.7,20.8,77.0
37,33,11.5,0.73,41.1,23.3,68.3
11,6,8.3,0.83,32.5,75.5,57.2
7,3,13.1,0.9,39.5,49.8,51.2
17,8,12.9,0.89,4.4,23.6,49.9
26,20,7.9,0.93,0.7,7.8,64.0
35,29,3.7,0.84,36.7,47.0,76.6
32,25,11.3,0.8,13.1,71.8,67.4
9,6,6.9,0.86,43.9,36.6,69.4
18,10,9.3,0.99,26.8,27.3,59.1
15,13,2.5,0.71,23.9,40.7,81.3
31,20,9.8,0.86,38.6,91.3,67.0
19,18,6.2,0.8,37.1,43.1,82.5
37,25,5.7,0.73,35.2,28.4,66.4
22,13,14.7,0.83,34.5,56.2,50.7
32,30,7.1,0.89,25.8,78.0,83.0
34,26,10.5,0.86,46.3,7.0,65.6
24,20,9.8,0.71,44.5,55.2,70.3
39,27,2.5,0.87,16.5,80.3,74.7
6,5,11.5,0.77,40.2,24.4,70.5
16,15,5.5,0.8,44.6,88.0,82.6
31,22,12.2,0.79,30.9,57.0,65.7
17,10,9.5,0.96,27.8,51.5,67.3
30,24,5.4,0.71,33.6,91.7,81.2
29,28,6.0,0.8,8.2,16.7,75.5
7,5,11.2,0.82,4.4,71.6,68.6
6,5,8.7,0.89,41.0,78.7,76.8
39,26,10.4,0.94,28.7,49.0,60.9
26,24,3.2,0.92,6.1,5.6,80.2
29,16,12.0,0.93,20.8,52.2,54.6
2,1,5.5,0.76,14.9,18.8,59.0
15,11,9.7,0.97,43.8,55.6,71.5
20,16,2.6,0.82,25.4,71.5,85.4
32,20,5.5,0.7,28.9,52.8,66.2
16,15,10.1,0.9,11.8,61.8,74.9
20,19,4.8,0.88,40.0,14.4,76.4
39,35,13.3,0.74,46.5,13.7,65.8
33,18,10.3,0.99,39.6,81.6,65.9
32,17,13.2,0.87,24.6,9.4,51.9
38,28,6.5,0.84,41.8,30.6,66.5
27,23,1.5,0.82,9.4,89.4,84.7
26,14,9.1,0.76,5.7,46.3,55.3
9,7,5.7,0.99,21.9,65.7,74.0
5,3,7.3,0.91,9.1,25.0,64.0
32,27,10.5,0.87,13.0,29.3,68.8
33,23,10.8,0.89,29.3,50.8,69.4
35,29,1.4,0.95,20.2,62.4,82.8
4,2,11.8,0.89,43.3,91.4,57.8
27,16,7.9,0.73,11.3,56.7,58.2
5,4,8.8,0.91,49.8,13.6,66.6
3,1,5.2,0.87,18.0,38.0,56.9
20,19,6.9,0.99,25.8,27.0,81.2
24,12,10.9,0.92,6.6,27.9,50.5
26,19,11.9,0.8,29.0,50.5,59.4
8,5,6.4,0.74,48.1,33.5,61.6
9,8,10.7,0.84,37.5,31.0,71.4
4,3,4.6,0.9,12.2,92.1,82.1
24,14,12.6,0.75,22.1,57.6,54.0
34,21,9.5,0.89,21.3,28.6,58.8
29,25,11.9,0.95,4.9,29.8,75.4
23,21,7.7,0.75,44.3,78.0,78.6
36,29,4.2,0.91,19.1,84.8,85.3
35,32,7.0,0.72,24.7,66.1,75.4
31,16,6.3,0.7,14.6,43.8,60.0
37,30,5.7,0.71,7.6,73.8,78.1
15,12,4.0,0.89,45.1,89.4,82.0
10,5,11.6,0.99,1.9,20.0,47.3
23,20,2.2,0.93,20.0,82.6,85.4
29,28,13.4,0.78,36.5,81.4,75.7
15,14,3.5,0.72,15.4,38.0,76.7
16,9,14.7,0.88,22.3,31.3,59.5
38,25,14.8,0.7,28.2,55.9,59.1
25,18,6.6,0.94,49.8,29.5,64.6
35,20,14.8,0.77,37.9,18.1,49.4
4,3,13.2,0.79,48.4,90.8,65.9
24,13,2.2,0.8,34.7,49.2,71.2
21,18,14.3,0.93,13.5,47.5,60.1
16,10,1.6,0.78,14.4,16.3,69.2
17,13,3.5,0.79,41.1,50.4,71.9
8,4,9.2,0.86,21.4,71.9,61.5
34,20,2.1,0.84,18.5,27.3,65.3
20,14,3.3,0.99,47.3,38.2,78.5
19,15,14.3,0.78,0.7,21.1,59.7
19,16,14.9,0.73,26.2,37.0,57.1
4,2,12.2,0.86,38.8,82.5,49.0
4,2,8.2,0.76,36.8,26.3,56.3
37,32,13.6,0.82,18.4,7.7,61.4
17,15,2.6,0.76,26.8,53.3,84.6
24,14,14.2,0.96,0.3,57.2,54.0
24,14,5.9,0.8,26.7,34.6,67.3
16,8,13.1,0.93,29.5,62.7,58.1
10,5,10.4,0.98,43.7,8.4,54.5
39,19,14.4,0.98,10.5,35.7,47.4
19,15,13.1,0.86,41.3,18.0,60.0
39,37,13.4,0.99,35.9,25.7,70.8
7,4,9.8,0.9,33.3,39.4,56.3
38,33,12.7,0.74,19.7,49.4,69.9
7,5,11.6,0.97,18.4,13.4,61.1
22,21,3.3,0.84,35.2,14.1,81.5
31,27,10.1,0.75,49.5,65.7,70.5
29,26,3.1,0.94,20.3,41.4,84.1
21,17,13.2,0.89,45.9,20.9,63.5
20,18,1.9,0.96,29.3,26.1,83.1
15,10,14.8,0.95,43.4,69.8,59.6
2,1,6.6,0.8,10.9,9.7,54.3
28,26,3.4,0.78,38.1,50.8,81.8
33,28,14.1,0.92,41.7,37.4,66.0
30,16,1.6,0.87,41.6,78.0,64.0
32,29,7.6,0.72,39.2,76.1,82.5
26,17,11.8,0.75,15.2,67.0,63.4
8,5,5.4,0.75,26.1,39.6,66.4
17,13,8.4,0.88,15.0,61.8,74.5
12,9,10.8,0.73,17.1,62.6,61.9
19,14,14.3,0.76,15.1,34.9,53.1
6,3,2.4,0.86,14.2,84.2,64.3
3,2,3.2,0.74,34.7,93.6,76.9
11,10,8.1,0.77,32.5,33.3,75.0
27,13,6.9,0.97,10.2,77.1,65.0
25,16,6.8,0.91,34.6,50.1,70.7
27,14,5.2,0.79,14.6,46.7,55.3
17,15,8.8,0.96,10.1,39.8,71.8
26,24,13.4,0.78,37.4,31.3,65.8
39,29,3.3,0.88,18.1,87.8,82.6
7,6,4.0,0.81,28.5,71.7,82.8
13,11,10.4,0.93,10.0,44.7,79.6
10,7,1.8,0.81,30.7,72.6,74.9
9,6,10.4,0.77,10.4,69.7,65.4
32,20,5.4,0.88,8.3,29.1,68.9
33,20,6.0,0.92,19.3,20.9,69.3
8,6,6.7,0.86,39.5,80.3,74.3
33,19,5.9,0.91,8.8,78.0,64.7
26,15,12.8,0.83,5.9,94.7,61.6
34,17,14.2,0.94,1.6,6.7,47.7
29,23,8.7,0.88,20.8,53.6,74.1
12,11,9.1,0.76,14.1,68.1,80.6
32,30,2.0,0.97,14.6,57.4,88.5
11,9,11.0,0.95,49.1,68.9,68.8
3,2,9.2,0.99,9.7,17.4,65.1
5,3,1.7,0.87,22.9,5.1,69.1
23,14,3.8,0.9,49.3,13.4,64.8
29,19,3.8,0.96,1.5,39.2,68.2
11,5,3.4,0.72,34.8,34.6,60.6
3,2,10.2,0.97,18.6,83.7,71.5
32,18,14.0,0.78,45.3,12.5,43.6
24,21,11.7,0.72,45.6,44.8,67.9
17,10,7.7,0.77,19.4,91.2,68.3
10,6,6.7,0.88,11.1,50.3,70.9
7,6,6.4,0.71,21.4,16.9,72.4
26,14,9.4,0.7,48.3,31.2,58.6
5,3,6.0,0.89,14.1,61.4,70.3
13,6,4.2,0.84,49.1,6.1,59.5
25,13,9.4,0.95,41.0,92.1,61.0
28,22,6.5,0.78,13.4,56.0,80.7
4,3,1.2,0.78,39.6,68.4,80.1
13,7,1.3,0.72,2.5,49.9,67.6
31,29,4.8,0.86,27.4,91.2,87.6
13,11,8.2,0.81,17.9,58.0,78.4
23,14,6.0,0.8,21.3,64.6,73.6
16,9,1.3,0.84,23.6,82.5,76.2
29,25,4.1,0.95,25.1,82.5,84.7
18,15,2.3,0.73,32.8,7.5,80.7
26,14,14.3,0.86,34.8,30.5,46.7
4,2,5.4,0.76,48.8,27.2,55.9
37,22,1.2,0.76,38.1,5.6,62.2
32,20,10.2,0.78,34.4,83.9,62.8
16,10,4.3,0.84,19.6,33.5,71.1
29,28,8.9,0.85,5.9,36.2,76.1
32,28,3.1,0.96,2.9,14.0,79.9
21,18,14.8,0.97,23.9,94.1,73.8
22,14,14.6,0.88,33.4,79.4,59.1
28,14,10.2,0.78,32.5,56.5,52.5
20,10,10.9,0.95,47.6,74.5,53.3
37,28,7.0,0.94,19.1,74.9,79.9
13,8,14.5,0.94,31.4,64.1,56.6
36,21,6.9,0.7,44.4,20.7,56.4
34,17,4.4,0.93,20.2,69.8,62.8
37,34,2.6,0.96,23.9,56.3,87.3
24,19,3.9,0.88,46.1,70.2,81.0
14,7,9.0,0.93,27.5,53.9,58.5
31,27,4.4,0.93,40.0,91.1,86.5
11,9,10.2,0.85,46.8,61.4,65.0
21,13,6.4,0.94,28.6,56.6,69.5
7,4,13.4,0.94,5.5,80.9,57.6
32,29,8.8,0.97,41.1,39.1,72.3
20,13,9.7,0.98,40.9,33.4,58.5
4,3,8.8,0.86,5.7,50.3,66.2
11,5,13.4,0.71,27.4,57.6,45.2
11,8,1.9,0.71,24.4,24.8,74.3
22,12,1.9,0.98,42.4,66.4,73.6
3,2,10.8,0.8,13.7,77.2,65.1
31,30,11.8,0.81,21.3,57.0,76.7
29,20,7.1,0.84,30.2,52.1,64.4
19,10,5.9,0.78,25.9,31.5,62.1
15,9,4.9,0.88,47.8,86.9,73.0
20,18,4.3,0.94,48.0,72.9,85.6
37,32,13.8,0.78,4.1,48.2,65.5
13,8,5.1,0.92,14.9,64.3,68.3
21,20,10.1,0.9,0.4,35.3,76.0
35,28,12.0,0.86,20.9,10.4,62.5
37,21,1.3,0.8,33.1,23.4,70.4
22,17,1.5,0.96,23.6,12.2,79.2
20,14,5.7,0.82,3.4,50.7,69.5
36,32,10.7,0.81,9.8,61.0,72.0
9,6,4.7,0.89,8.7,39.2,69.7
23,21,1.0,0.98,25.6,52.7,89.1
39,35,5.0,0.85,33.9,12.7,77.0
19,15,2.3,0.92,15.8,74.3,79.3
9,5,4.1,0.84,6.5,8.0,62.5
3,2,5.7,0.77,39.9,62.1,69.8
21,16,2.8,0.74,42.9,44.0,71.4
6,5,10.9,0.74,13.8,21.5,66.3
31,18,4.6,0.71,21.0,52.1,65.5
19,18,10.3,0.87,4.1,75.3,75.7
24,21,9.4,0.74,11.4,42.2,73.2
3,2,13.6,0.96,38.4,38.1,63.3
38,23,2.2,0.99,18.3,17.8,68.8
33,23,4.0,0.85,30.2,58.5,74.6
2,1,13.1,0.83,47.3,79.5,57.9
2,1,12.5,0.8,36.2,55.5,46.2
32,20,3.7,0.89,22.7,19.9,74.1
9,8,2.5,0.88,18.3,64.5,86.2
4,3,13.0,0.8,9.5,7.7,60.6
13,8,3.5,0.8,37.8,80.4,67.2
35,34,13.2,0.89,5.6,87.9,73.1
26,22,14.5,0.87,3.1,58.7,63.5
37,35,4.1,0.92,5.2,84.4,84.9
8,7,12.8,0.98,12.1,12.6,60.6
16,14,6.9,0.93,31.4,25.6,72.7
22,13,12.0,0.79,43.1,33.6,52.2
26,25,6.7,0.93,49.6,74.6,79.9
39,25,2.0,0.84,36.6,48.6,77.4
38,31,11.0,0.93,7.3,36.4,70.6
17,15,3.1,0.97,13.9,19.2,79.1
2,1,14.0,0.77,6.6,78.0,53.9
38,30,6.8,0.77,5.8,6.8,68.5
15,10,2.1,0.83,28.4,35.4,67.7
35,21,4.2,0.72,45.3,26.8,64.9
3,1,13.1,0.91,34.2,16.6,41.0
32,29,5.5,0.92,40.0,20.5,80.5
20,11,13.0,0.8,25.4,49.4,51.2
20,18,3.4,0.84,23.8,43.3,84.4
24,19,7.6,0.88,46.9,51.7,75.7
31,25,13.3,0.72,36.1,70.5,67.0
18,16,1.7,0.91,23.0,85.3,84.5
3,2,5.3,0.86,16.6,15.7,74.3
12,8,13.7,0.89,4.7,12.4,56.8
15,8,9.4,0.92,41.0,33.8,57.0
30,23,11.0,0.9,8.5,54.2,69.6
20,15,12.8,0.73,25.8,14.0,65.3
29,18,8.3,0.93,31.9,69.4,63.1
2,1,12.8,0.88,37.2,55.0,56.7
6,4,9.9,0.91,4.2,72.4,65.9
35,31,10.6,0.78,0.5,37.2,68.7
15,11,3.1,0.77,35.3,41.1,73.0
20,19,14.1,0.95,22.7,77.7,69.5
25,18,12.1,0.82,9.1,29.0,61.9
18,16,4.6,0.87,49.1,39.3,72.2
3,2,9.1,0.87,39.6,6.2,59.0
32,24,6.3,0.88,28.9,55.0,72.3
18,12,10.2,0.72,35.1,81.6,63.6
9,6,14.9,0.79,7.8,7.5,45.2
18,17,1.6,0.72,48.1,60.2,88.4
39,23,14.3,0.84,49.8,81.1,51.2
27,15,2.0,0.97,32.4,49.5,68.6
8,7,7.5,0.82,33.4,33.2,72.9
25,19,7.7,0.93,35.2,94.7,75.8
31,19,4.8,0.79,33.3,10.8,64.8
27,19,8.9,0.96,21.9,23.9,66.4
31,23,12.7,0.83,27.0,84.7,73.0
36,28,5.1,0.81,14.1,31.8,73.8
3,2,2.0,0.91,22.3,78.8,79.5
5,3,9.9,0.85,21.8,35.0,58.3
6,5,11.5,0.8,14.4,78.1,72.2
3,2,14.4,0.72,39.3,66.7,56.0
32,29,3.2,0.75,20.5,47.2,80.7
28,17,13.6,0.93,27.6,52.1,67.7
25,16,7.7,0.98,7.8,21.0,68.8
5,3,4.3,0.75,23.7,15.4,61.4
29,27,14.5,0.87,38.1,69.5,73.8
6,5,4.3,0.71,22.2,81.4,81.2
28,22,11.3,0.79,27.9,70.0,67.0
6,5,12.0,0.83,35.1,87.2,78.4
6,4,7.0,0.92,19.4,85.1,72.0
10,9,10.7,0.71,17.7,75.0,78.2
28,25,9.0,0.93,4.3,85.8,77.5
5,4,3.7,0.76,29.1,20.1,77.6
25,24,11.6,0.93,35.3,70.8,82.1
28,20,14.0,0.89,29.1,72.8,60.9
2,1,7.8,0.8,14.2,18.9,54.3
33,24,14.9,0.92,13.1,86.9,64.3
17,15,7.0,0.77,8.0,5.8,76.4
24,22,7.7,0.77,2.3,44.1,80.2
29,19,10.4,0.72,21.3,6.9,55.6
21,10,3.6,0.82,8.0,52.1,61.9
18,13,13.6,0.73,34.5,42.1,59.6
37,27,12.2,0.83,48.1,61.1,58.9
9,4,13.2,0.7,3.7,74.0,52.9
19,17,9.5,0.75,44.6,74.2,72.4
14,8,13.4,0.98,32.9,70.0,59.4
10,8,10.5,0.94,43.0,14.2,70.6
38,20,8.2,0.77,7.7,42.6,58.9
31,28,14.0,0.92,45.3,78.4,71.1
29,25,7.2,0.9,47.9,63.9,74.7
19,13,8.0,0.75,45.3,66.3,66.7
21,17,3.4,0.81,39.3,25.4,74.9
37,21,14.3,0.97,4.5,34.3,61.2
20,19,4.1,0.92,11.0,91.0,87.0
6,5,3.8,0.93,45.7,81.2,81.6
35,31,2.4,0.87,11.5,19.8,77.8
18,10,7.3,0.9,17.4,54.0,62.9
29,14,4.8,0.85,2.5,49.1,63.2
37,29,11.4,0.92,31.4,44.9,65.2
39,22,5.3,0.92,28.2,47.4,67.7
31,27,11.1,0.71,48.1,62.9,66.3
19,13,3.7,0.89,44.6,92.0,80.0
7,4,4.2,0.89,25.3,83.8,70.4
27,14,12.3,0.72,30.5,83.8,54.8
16,15,6.2,0.82,20.7,68.3,87.1
2,1,2.6,0.97,6.6,6.6,61.9
18,10,14.5,0.99,43.4,44.6,55.1
32,21,3.5,0.93,27.5,51.0,76.0
3,2,3.1,0.75,21.3,80.8,78.8
37,23,6.0,0.81,3.4,88.1,70.6
36,34,2.3,0.75,33.3,45.6,83.8
28,24,3.2,0.9,20.0,32.0,79.1
4,3,12.9,0.93,12.7,35.4,64.3
21,19,3.4,0.97,43.8,57.1,83.0
9,7,2.6,0.96,9.2,29.7,79.6
30,25,13.3,0.73,25.8,87.0,69.9
9,8,7.2,0.74,39.8,42.7,71.3
28,23,3.2,0.97,42.5,94.1,82.0
27,16,9.1,0.95,40.9,14.9,59.6
11,9,1.6,0.84,44.8,21.9,77.4
31,23,7.0,0.83,7.1,51.0,73.0
34,33,9.3,0.87,47.0,83.1,78.6
37,27,14.4,0.88,0.5,36.9,61.2
21,10,5.6,0.78,12.8,80.4,65.2
5,3,11.7,0.82,4.2,43.3,53.2
24,23,2.9,0.89,47.3,81.8,88.8
30,29,7.1,0.76,21.2,30.0,82.4
33,28,4.1,1.0,15.8,47.5,83.1
38,20,7.9,0.78,8.4,30.1,56.6
38,19,6.8,0.87,7.8,24.4,60.3
27,19,14.7,0.87,30.7,42.9,57.5
6,5,13.8,0.84,2.4,35.1,62.7
25,23,9.2,0.77,29.7,75.8,78.6
3,2,3.5,0.87,38.7,72.3,79.1
16,12,8.8,0.73,30.1,37.3,63.6
9,8,12.1,0.82,41.3,94.3,76.0
38,25,1.5,0.77,13.3,92.6,76.4
38,19,7.1,0.74,3.9,87.6,65.3
15,14,1.6,0.98,36.0,57.8,91.9
6,3,4.4,0.91,41.4,42.1,63.3
10,8,2.3,0.75,25.1,33.2,79.3
23,19,14.4,0.98,41.0,6.4,60.6
31,17,3.4,0.76,22.9,61.9,65.8
34,20,3.1,0.77,9.9,54.8,76.0
39,25,14.6,0.74,23.7,61.7,55.4
38,33,8.2,0.92,10.8,56.8,77.3
39,20,11.6,0.87,23.6,17.4,51.1
8,5,5.6,0.72,7.4,67.6,63.3
4,3,8.5,0.71,9.3,37.4,62.8
33,19,1.1,0.86,44.1,51.5,72.4
37,20,6.7,0.9,5.8,37.9,57.2
20,13,8.8,0.95,11.2,7.0,59.5
32,20,8.2,0.84,49.8,83.9,68.7
31,25,6.7,0.9,28.8,18.4,73.2
38,37,12.0,0.92,29.3,57.4,75.8
26,13,8.0,0.88,42.2,84.5,61.1
14,13,9.9,0.81,26.2,24.9,70.0
13,9,3.6,0.74,11.1,42.1,77.5
10,8,13.1,0.89,21.1,39.0,62.7
10,9,6.1,0.93,37.8,13.0,79.9
28,22,7.7,0.76,43.6,43.1,62.9
32,17,5.9,0.85,13.7,48.2,65.5
7,3,13.5,0.82,13.1,7.4,46.5
30,26,13.6,0.76,16.4,48.9,63.9
31,19,4.1,0.77,29.8,13.4,62.9
39,30,11.5,0.77,13.9,85.3,71.9
12,8,2.4,0.83,44.7,63.5,70.9
7,4,1.4,0.82,48.9,10.1,67.0
32,28,12.7,0.87,34.0,79.4,70.8
36,31,2.8,0.73,48.5,37.5,80.9
13,10,3.2,0.87,14.4,25.3,81.0
7,4,9.5,0.71,40.8,27.9,52.5
27,16,12.4,0.78,33.9,58.8,58.9
38,28,3.7,0.85,13.2,12.3,74.5
33,29,2.6,0.91,15.9,10.3,74.2
5,3,2.1,0.93,24.4,61.5,77.3
4,3,1.3,0.71,39.6,93.4,82.1
3,1,2.6,0.86,43.6,48.5,60.1
21,20,14.2,0.81,31.7,42.2,64.4
20,16,2.3,0.91,36.1,90.2,87.1
13,11,9.4,0.79,13.2,26.7,68.8
37,24,13.9,0.92,37.1,26.6,53.0
29,21,9.8,0.88,30.2,86.5,73.2
10,8,1.5,0.94,11.1,63.2,86.0
12,10,9.3,1.0,47.5,9.8,69.4
31,20,13.6,0.97,25.6,65.7,63.0
3,1,5.5,0.88,39.7,78.8,57.3
39,32,5.4,0.97,26.3,29.7,73.0
39,37,4.5,0.75,46.6,39.5,80.1
34,24,8.1,0.71,7.1,22.8,66.5
8,5,4.3,0.86,27.3,62.0,75.0
22,20,11.1,0.99,1.3,64.8,73.5
13,10,10.0,0.91,9.9,11.2,65.9
22,15,6.6,0.79,14.1,66.0,69.9
24,12,11.1,0.9,23.6,64.3,59.0
7,6,2.4,0.71,41.0,8.2,76.1
15,10,11.5,0.84,23.3,55.0,64.9
33,17,9.4,0.77,28.1,60.3,56.8
14,11,9.8,0.71,46.2,43.7,69.4
28,18,1.9,0.77,37.8,86.1,74.3
12,8,9.7,0.92,2.5,34.6,63.6
33,24,7.9,0.87,8.8,11.0,67.3
4,3,7.8,0.71,1.9,65.5,69.8
3,1,5.5,0.82,3.5,59.5,47.6
31,16,1.1,0.93,16.9,94.0,75.5
3,2,6.9,0.99,36.4,25.8,69.5
30,15,6.6,0.96,12.2,40.6,62.3
23,19,6.9,0.7,19.6,46.5,75.6
26,25,9.6,0.77,19.7,82.5,83.4
20,16,5.2,0.76,29.5,42.3,72.4
17,10,4.8,0.82,44.6,74.5,63.6
18,10,8.0,0.89,49.2,19.1,54.6
28,17,9.3,0.75,30.2,41.9,60.2
20,12,8.9,0.97,25.3,18.9,63.4
31,20,13.3,0.93,34.1,90.5,63.4
15,8,11.8,0.83,33.4,21.0,48.1
33,31,1.7,0.88,26.2,42.7,88.2
24,22,8.9,0.86,36.8,12.4,72.9
37,29,6.8,0.87,24.6,87.9,78.5
11,5,6.1,0.96,49.8,61.1,66.8
39,35,14.4,0.76,2.4,91.6,72.8
30,15,7.4,0.91,22.2,8.8,56.5
12,6,11.1,0.73,19.9,20.7,46.5
39,25,14.5,0.84,38.5,39.2,59.2
16,11,3.1,0.89,9.5,60.9,70.0
33,22,1.8,0.7,21.7,34.7,70.6
28,16,5.4,0.73,34.9,69.1,62.2
39,21,1.6,0.73,30.2,19.9,63.4
2,1,2.6,0.81,27.3,59.1,66.7
15,10,14.9,0.89,21.7,40.8,53.4
4,2,14.4,1.0,37.6,50.7,45.2
31,23,10.7,0.78,32.3,56.3,63.1
32,16,11.5,0.74,43.7,10.4,44.1
2,1,3.0,0.82,36.6,88.2,66.2
15,9,9.3,0.74,7.0,75.7,61.4
37,29,3.2,0.71,31.0,44.8,80.4
37,29,6.3,0.87,2.2,54.3,72.2
16,14,5.8,0.96,19.4,7.9,74.9
39,23,9.6,0.96,20.6,49.8,62.5
26,19,2.1,0.73,42.7,43.4,76.3
15,14,2.4,0.74,9.0,38.7,84.5
25,21,9.5,0.85,32.2,78.4,69.4
3,2,9.9,0.81,9.6,21.4,57.0
35,33,5.8,0.91,47.4,20.9,82.5
24,19,3.1,0.85,26.5,52.0,77.8
9,5,13.4,0.71,35.4,66.8,56.7
6,5,1.7,0.79,32.3,7.0,79.4
30,25,11.0,0.97,15.2,54.1,65.4
34,27,3.0,0.85,45.1,31.9,71.6
21,17,9.9,0.94,31.4,73.1,73.2
17,13,10.3,0.82,25.5,47.2,68.9
38,28,12.3,0.9,26.4,80.1,67.5
38,26,6.5,0.75,44.5,40.7,65.7
25,13,1.3,0.92,3.0,79.4,72.2
30,27,12.4,0.94,19.5,69.5,74.4
36,33,7.2,0.73,42.1,79.5,79.4
10,7,12.9,0.75,1.9,78.1,55.0
23,14,11.9,0.84,32.0,48.8,57.7
21,10,8.0,0.89,20.2,38.1,56.7
5,2,15.0,0.89,10.2,73.9,44.7
37,19,7.5,0.9,30.6,37.5,57.8
13,8,10.8,0.91,41.6,13.0,52.4
24,14,10.4,0.85,23.4,82.3,64.5
9,5,8.3,0.87,7.3,40.7,56.6
11,9,9.2,0.7,15.3,16.9,65.8
24,23,12.2,0.75,49.1,63.2,71.5
30,18,9.0,0.85,5.6,85.1,64.5
33,24,7.3,0.92,8.0,82.5,76.8
15,14,10.3,0.94,49.5,54.9,74.3
17,16,1.5,0.92,44.1,12.9,84.0
18,12,2.5,0.85,35.4,67.7,77.4
21,13,2.8,0.78,7.5,59.8,71.3
13,8,7.0,0.83,12.0,23.9,60.1
10,5,13.2,0.7,9.0,86.0,48.4
9,6,10.0,0.88,31.5,12.8,58.2
38,25,14.6,0.72,19.9,38.6,55.1
22,19,1.6,0.74,2.4,13.5,77.8
33,20,11.1,0.89,14.6,87.1,65.8
38,32,5.4,0.7,43.0,8.2,70.0
19,12,1.3,0.87,39.8,43.3,70.9
30,23,12.6,0.89,32.2,82.6,64.5
8,6,3.3,0.94,4.3,27.6,71.3
38,31,4.0,0.72,44.1,14.5,69.3
7,4,5.8,0.7,26.7,16.4,64.0
21,13,12.0,0.93,24.7,41.4,56.3
10,6,9.7,0.79,46.7,43.6,55.4
10,7,4.7,0.97,0.4,69.6,73.1
9,4,3.4,0.76,27.8,26.4,62.4
18,13,2.5,0.88,39.6,68.2,79.6
25,13,3.1,0.73,3.2,94.9,67.7
24,16,13.2,0.82,17.9,82.8,57.9
34,28,13.9,0.96,48.9,62.2,67.4
23,16,14.6,0.88,10.6,89.6,65.3
23,14,12.7,0.91,26.6,94.2,67.1
28,22,13.4,0.77,37.3,56.3,56.8
3,2,12.4,0.98,19.5,29.6,57.9
32,20,14.4,0.89,20.4,87.3,60.5
14,9,12.8,0.73,3.2,81.0,62.8
3,2,7.5,0.7,9.5,12.6,56.5
8,7,5.5,0.7,44.0,89.3,76.5
12,7,9.2,0.72,40.9,38.0,55.7
27,22,9.5,0.97,15.2,34.0,66.7
22,20,9.0,0.81,19.1,35.9,67.8
16,11,10.9,0.79,22.0,33.8,67.3
17,11,10.8,0.82,17.3,51.4,60.5
10,8,2.2,0.82,32.7,57.2,78.1
22,11,5.0,0.77,0.6,43.3,56.2
7,4,13.5,0.73,44.0,42.1,51.1
2,1,9.3,0.73,15.0,71.4,55.5
32,19,5.6,0.88,43.6,5.3,63.7
6,3,12.9,0.82,22.7,90.2,52.7
38,33,4.5,0.97,38.8,69.3,83.2
27,26,6.7,0.84,41.3,68.7,82.1
2,1,4.9,0.85,15.1,43.0,63.5
2,1,13.2,0.98,32.0,91.9,57.3
30,25,11.2,0.85,30.4,5.0,66.7
23,17,7.4,0.85,23.8,11.9,67.6
39,33,14.1,0.81,23.5,77.4,71.1
20,16,14.0,0.91,15.3,71.5,68.8
29,27,11.0,0.82,15.5,29.4,70.8
6,3,13.5,0.88,27.4,58.5,57.8
22,12,11.1,0.83,1.6,52.9,54.1
23,15,9.8,0.86,46.7,52.4,67.2
21,15,6.9,0.95,32.5,58.6,75.3
13,12,4.8,0.82,22.2,94.4,88.2
7,6,1.8,0.77,3.1,93.9,85.2
30,28,12.2,0.87,31.5,93.4,75.4
36,22,2.7,0.98,0.9,54.4,72.9
12,10,6.7,0.91,34.0,33.6,75.3
34,23,4.3,0.79,3.6,55.4,70.3
26,25,7.4,0.99,32.8,61.0,85.3
15,9,5.4,0.8,20.3,33.0,67.3
30,17,12.6,0.99,33.1,61.9,56.6
14,12,14.7,0.76,6.9,61.0,63.1
16,13,14.2,1.0,5.9,86.3,66.1
9,8,9.7,0.72,12.4,26.4,70.6
34,19,14.7,0.91,20.6,67.8,60.2
12,11,6.6,0.92,12.7,45.6,75.9
16,13,8.3,0.9,4.1,16.7,66.9
22,18,4.6,0.93,16.3,33.5,73.2
37,29,13.6,0.84,35.3,10.2,58.4
7,6,3.5,0.72,29.2,33.7,71.3
26,18,9.5,0.81,48.2,11.2,63.5
2,1,12.2,0.89,21.8,88.3,60.3
34,26,9.3,0.89,16.6,14.2,66.8
33,28,2.1,0.76,34.7,78.6,86.7
3,1,9.6,0.78,20.6,86.6,54.8
26,15,11.7,0.85,30.9,47.1,57.2
34,28,3.6,0.92,47.3,9.9,71.6
39,24,11.3,0.96,25.0,58.6,60.5
12,7,13.3,0.73,24.9,26.1,51.7
20,18,14.8,0.98,38.8,20.9,64.4
26,15,6.7,0.98,37.8,56.0,71.7
29,19,1.4,0.7,25.8,37.1,72.3
11,7,6.9,0.85,3.2,70.7,68.3
32,23,10.2,0.88,49.0,58.2,69.0
17,11,13.5,0.87,18.9,79.6,62.6
19,18,14.1,0.88,15.8,10.3,66.7
23,19,13.7,0.85,49.1,26.1,67.3
36,24,10.2,0.79,43.6,56.0,64.0
13,8,10.6,0.73,16.5,84.2,61.0
29,21,1.0,0.76,15.4,78.2,80.4
10,5,6.1,0.92,36.0,66.2,62.6
31,29,13.7,0.77,16.7,56.7,68.1
19,11,10.7,0.95,12.6,61.8,63.9
25,21,7.6,0.82,49.0,24.2,69.5
20,17,2.5,0.82,28.3,58.6,80.7
15,13,4.4,0.96,38.1,49.4,82.2
3,1,8.8,0.76,35.7,39.6,51.2
12,9,13.6,0.76,37.8,84.9,58.4
27,14,2.3,1.0,45.2,79.6,69.7
9,8,3.2,0.86,25.0,11.9,73.2
4,2,10.2,0.76,37.7,93.7,48.8
16,9,5.1,0.75,39.8,25.7,61.6
14,12,3.4,0.96,47.3,24.4,75.6
17,11,3.5,0.88,35.7,89.9,78.3
23,12,7.9,0.73,44.6,45.0,53.7
34,24,9.2,0.97,4.8,77.5,72.3
3,1,13.7,0.83,6.3,30.9,42.1
30,29,8.4,1.0,7.9,83.6,81.8
35,23,10.7,0.78,7.2,79.9,62.5
17,13,3.5,0.86,4.4,51.8,77.0
15,14,11.0,0.75,6.1,68.5,75.9
6,4,10.1,0.83,49.8,91.8,70.8
19,12,4.0,0.75,13.6,45.7,68.9
27,15,10.4,0.79,23.9,49.5,57.8
11,10,4.0,0.78,41.1,70.1,83.5
7,6,9.3,0.78,5.9,39.8,70.0
15,9,10.4,0.99,15.9,91.5,65.2
3,1,10.7,0.71,8.0,8.6,38.4
28,26,13.7,0.85,3.1,41.3,70.2
10,7,14.3,0.89,48.0,69.2,58.8
14,10,12.3,0.9,42.9,43.6,63.0
22,18,13.3,0.93,44.0,28.3,64.6
3,2,1.3,0.93,43.4,42.2,77.3
4,3,6.1,0.99,7.7,84.3,78.6
14,12,1.6,0.93,39.2,54.2,82.6
22,21,4.1,0.95,36.4,35.2,81.1
34,30,6.3,0.86,46.3,65.4,82.5
21,10,13.1,0.9,11.0,60.1,51.3
37,20,8.2,0.84,20.7,55.4,65.6
19,17,10.1,0.78,14.7,40.2,64.1
26,13,6.1,0.79,12.9,11.5,57.3
39,34,9.4,0.81,32.6,60.9,77.0
26,24,12.4,0.8,8.2,42.8,70.5
39,27,5.2,0.86,23.2,43.6,72.0
16,10,14.1,0.77,32.3,26.1,54.9
18,10,4.0,0.85,6.5,27.4,66.6
37,19,13.9,0.97,12.8,75.9,57.9
30,26,1.4,0.82,48.4,48.1,86.6
34,18,8.6,0.77,39.8,14.8,53.0
33,32,14.8,0.8,33.8,9.1,71.4
9,5,9.5,0.96,42.8,25.2,55.1
14,12,8.8,0.98,0.7,48.9,77.9
18,9,10.6,0.97,0.3,60.6,58.7
22,16,5.1,0.79,7.7,17.9,75.3
15,10,1.8,0.82,24.8,44.0,75.2
26,13,4.5,0.99,28.5,11.5,64.4
25,20,3.5,0.8,5.7,8.4,68.1
34,33,13.9,0.74,3.6,82.7,75.8
9,4,12.9,0.78,41.4,64.3,50.8
29,18,5.4,0.99,23.2,75.3,75.1
20,17,12.7,0.82,49.6,21.4,61.5
12,11,4.0,0.98,11.5,34.0,81.8
11,6,3.8,0.73,32.4,44.9,65.1
2,1,11.7,0.93,40.2,64.2,56.1
6,3,5.6,0.73,43.6,53.1,61.0
17,10,1.9,0.76,15.3,54.6,70.7
21,11,11.1,0.88,9.7,19.1,51.6
21,14,14.9,0.83,11.3,47.7,55.9
29,20,8.9,0.9,33.3,79.1,67.8
6,4,4.7,0.99,26.1,50.9,81.9
4,2,6.2,0.72,29.9,23.0,58.0
31,22,10.1,0.76,1.0,42.2,67.9
24,12,10.8,0.89,19.5,72.9,55.3
35,21,13.4,0.97,15.5,17.1,54.5
29,19,13.7,0.94,43.2,57.2,58.6
2,1,13.1,0.84,38.8,91.9,57.2
28,25,10.1,0.92,21.5,39.2,74.9
35,21,7.3,0.76,31.5,8.9,55.8
32,28,10.5,0.7,2.4,62.0,72.2
33,24,10.3,0.87,31.9,9.2,63.3
8,5,4.1,0.94,4.9,22.2,68.8
39,32,8.1,0.83,35.7,9.4,72.3
35,18,3.9,0.87,28.7,20.4,65.6
5,2,13.6,0.83,15.0,81.9,54.8
20,13,5.5,0.85,18.5,71.1,72.4
23,16,12.3,0.97,4.5,35.8,64.5
30,21,6.3,0.84,16.1,85.7,73.2
35,29,11.7,0.7,48.3,64.9,67.9
35,17,4.1,0.94,24.3,45.3,66.7
4,3,11.7,0.89,23.7,11.1,61.0
22,12,3.5,0.92,31.5,70.8,70.5
39,24,7.9,0.97,24.2,38.8,61.7
22,20,2.6,0.79,17.8,32.3,85.7
18,9,8.4,0.85,7.0,30.9,59.9
30,29,12.5,0.88,31.5,5.7,66.6
34,17,11.6,0.8,37.4,71.8,59.0
27,15,1.7,0.95,46.2,18.1,70.5
8,4,7.9,0.91,0.2,51.9,60.3
10,7,12.9,0.92,3.3,6.4,58.4
19,14,10.1,0.94,45.0,61.5,70.5
2,1,1.8,0.78,31.6,38.3,61.2
12,6,5.6,0.92,47.9,61.8,70.7
23,11,8.8,0.93,21.5,13.1,48.4
33,20,3.4,0.95,20.8,29.0,65.3
11,10,10.5,0.85,17.2,14.9,73.8
28,19,9.9,0.85,7.1,63.1,68.1
13,11,3.8,0.73,18.9,14.8,80.1
31,18,8.7,0.96,0.7,60.5,63.8
11,5,12.4,0.86,25.5,17.1,45.8
13,10,6.2,0.88,42.4,89.9,77.6
39,35,4.5,0.74,16.1,42.5,81.8
22,20,10.8,0.88,4.7,16.4,68.0
28,21,2.0,0.71,48.7,8.8,68.0
7,4,12.7,0.98,6.4,34.6,55.9
39,21,14.2,0.96,26.4,85.2,55.9
9,7,14.5,0.76,40.5,17.9,57.4
38,24,7.1,0.88,12.6,76.2,67.2
7,6,9.7,0.88,42.1,42.6,73.8
35,28,13.0,0.94,27.9,77.3,69.0
23,21,4.1,0.93,16.6,83.7,85.8
30,23,1.4,1.0,43.3,94.8,88.1
10,8,6.4,0.81,31.1,11.1,67.0
22,14,13.4,0.74,30.8,76.7,56.5
33,24,8.1,0.87,25.2,11.3,67.2
9,4,8.4,0.93,13.7,33.3,52.7
11,8,10.7,0.79,15.2,63.2,69.9
24,18,9.0,0.77,4.4,45.3,63.4
21,18,1.8,0.94,12.2,55.9,84.8
14,12,8.9,0.93,13.9,92.0,76.6
23,18,10.1,0.76,2.9,78.7,74.1
16,8,10.0,0.96,5.5,37.7,53.0
32,30,11.2,0.74,13.5,59.0,79.3
33,16,8.3,0.73,33.9,9.4,52.4
14,12,13.6,0.81,9.2,45.8,65.6
26,19,7.5,0.97,26.1,59.8,67.0
22,19,8.3,0.91,25.4,69.3,83.4
5,3,11.9,0.82,41.7,86.1,62.5
16,13,12.7,0.75,30.5,30.5,59.9
22,14,10.1,0.91,45.8,86.2,64.7
9,7,2.8,0.88,31.4,64.5,75.6
32,20,5.6,1.0,1.3,12.0,63.0
11,9,1.3,0.93,19.1,39.2,82.3
22,13,5.1,0.73,35.0,47.9,69.8
18,15,9.0,0.92,23.8,36.7,80.4
6,3,12.3,0.78,21.0,15.4,50.7
14,8,9.2,0.99,33.6,54.6,58.6
22,19,1.6,0.71,14.3,16.9,85.4
13,11,4.6,0.77,45.4,87.4,75.7
26,21,9.1,0.85,20.7,82.9,77.6
29,27,10.9,0.72,31.6,47.8,72.8
3,1,13.1,0.8,49.1,11.1,42.9
22,13,14.5,0.85,39.3,54.7,52.3
23,14,13.5,0.83,26.6,58.3,60.8
3,1,7.5,0.84,43.0,85.0,59.3
31,20,11.5,0.96,28.0,11.1,60.4
2,1,4.4,0.85,22.1,67.3,66.0
14,8,1.9,0.98,43.7,55.7,75.4
4,2,1.8,0.74,1.4,20.7,66.0
21,16,4.4,0.78,20.4,16.0,70.1
6,3,1.5,0.9,17.1,67.5,68.3
3,2,12.9,0.78,35.7,35.6,55.6
27,14,7.9,0.8,0.6,95.0,56.2
30,29,12.4,0.97,33.0,85.5,82.4
19,12,14.2,0.86,17.3,55.9,57.6
10,9,14.9,0.8,4.9,62.8,66.8
23,17,14.1,0.93,49.0,19.3,57.6
29,17,11.0,0.72,10.6,85.5,61.5
13,7,7.2,0.87,17.5,46.3,59.9
38,32,9.4,0.73,10.4,51.9,73.4
19,18,12.4,0.75,33.1,83.6,74.1
35,20,13.6,0.72,39.1,5.6,44.7
4,2,14.4,0.97,43.0,49.5,53.6
6,4,11.2,0.71,15.5,61.4,58.7
24,16,8.6,0.85,26.2,19.3,63.1
14,12,14.6,0.77,33.2,11.1,64.1
25,18,14.4,0.82,31.5,53.1,60.5
29,15,7.7,0.85,35.8,54.3,60.9
18,17,10.1,0.84,38.5,34.7,72.9
7,4,12.3,0.92,4.9,84.4,60.9
28,23,7.1,0.97,8.4,32.1,72.5
30,25,12.6,0.79,36.7,51.5,68.6
13,6,2.6,0.71,23.8,21.8,59.1
36,18,7.7,0.97,21.4,6.0,56.5
6,3,7.8,0.99,22.8,43.3,58.2
3,2,10.6,0.83,18.6,52.4,64.7
12,10,2.6,0.84,29.6,73.8,82.0
5,2,2.4,0.74,16.2,45.4,56.6
23,18,13.6,0.84,31.8,30.1,60.8
2,1,5.3,0.79,10.1,59.4,64.9
17,8,5.6,1.0,37.9,39.3,63.6
3,2,11.9,0.76,39.1,26.0,50.5
28,23,6.8,0.81,28.9,86.9,76.5
13,7,12.7,0.88,18.5,53.3,59.9
6,5,6.6,0.8,0.7,23.0,75.3
6,4,11.6,0.84,6.1,65.4,58.7
23,11,8.4,0.99,4.0,77.3,64.4
14,12,14.1,0.85,0.5,73.3,64.1
17,8,5.6,0.97,36.1,59.0,61.0
27,25,6.1,0.71,47.8,51.8,74.9
10,6,14.6,0.74,0.6,75.0,56.8
33,28,11.3,0.98,5.6,68.7,73.6
20,17,11.8,0.74,43.0,56.4,69.7
37,23,5.1,0.92,34.4,64.2,64.9
29,19,8.4,0.83,20.2,20.2,65.1
16,12,5.4,0.82,49.6,6.8,73.0
10,7,4.6,0.9,28.7,88.8,78.2
17,10,8.5,0.92,33.5,89.2,73.3
7,6,14.8,0.98,32.7,75.9,73.2
9,7,4.0,0.78,11.1,38.5,79.8
34,21,4.4,0.91,24.4,18.6,66.7
33,27,4.4,0.8,10.8,37.2,76.8
37,26,12.1,0.92,25.5,70.4,64.2
37,34,8.1,0.74,1.5,35.2,69.4
35,23,6.4,0.84,19.1,76.6,68.5
3,1,12.8,0.76,18.6,65.6,46.3
14,7,5.2,0.8,14.6,61.7,59.4
11,10,6.5,0.91,4.0,88.7,83.9
39,26,2.0,0.77,38.5,85.4,70.0
8,4,2.7,0.91,21.0,69.0,68.2
4,2,2.9,0.85,40.7,22.9,63.5
28,18,5.9,0.73,41.8,89.5,67.9
15,9,8.3,0.82,10.7,25.4,58.9
31,25,1.0,0.96,21.1,38.5,82.9
35,18,3.7,1.0,36.0,79.4,69.3
24,18,3.5,0.81,25.0,23.8,74.5
18,12,4.5,0.72,42.8,62.5,64.8
16,12,3.3,0.74,28.6,46.2,71.2
8,5,3.7,0.94,31.5,61.2,69.8
4,3,14.8,0.9,39.4,91.2,65.1
10,5,9.3,0.79,6.1,77.8,63.9
4,2,11.7,0.82,29.2,31.6,53.8
36,22,12.5,0.94,4.3,10.2,49.6
9,6,10.3,0.82,13.0,92.0,67.7
27,18,10.9,0.93,10.6,57.7,62.7
16,13,9.9,0.79,28.4,20.6,65.7
6,4,10.1,0.92,42.2,61.4,63.2
14,9,14.0,0.84,6.6,8.8,51.8
16,9,3.6,0.86,38.4,21.9,59.5
13,10,4.8,0.88,7.2,61.9,76.1
36,35,2.3,0.84,9.5,41.2,87.3
9,5,12.7,0.84,45.8,34.3,50.4
11,5,7.3,0.78,0.5,64.0,55.8
35,22,13.7,1.0,9.9,83.0,58.8
9,6,6.8,0.97,10.8,66.1,70.1
23,15,7.2,0.86,14.1,46.7,66.9
13,11,7.3,0.71,18.2,64.3,74.5
23,17,9.6,0.75,5.2,67.6,69.3
28,17,11.7,0.96,23.4,74.8,66.3
19,18,5.9,0.98,20.0,32.6,80.6
20,11,9.8,0.75,31.2,15.3,53.3
6,3,3.9,0.92,43.4,66.4,63.4
17,10,8.8,0.89,14.9,15.9,57.6
11,5,8.7,0.79,27.3,46.6,55.5
20,17,13.4,0.83,18.6,25.8,67.2
2,1,13.5,0.9,2.0,34.9,49.8
23,19,7.8,0.73,41.1,47.4,72.4
18,15,1.3,0.76,31.7,85.7,81.2
36,22,12.8,0.71,0.1,66.2,56.9
10,7,1.0,0.97,12.5,20.4,73.4
6,4,7.7,0.87,15.4,84.2,75.4
10,9,1.3,0.86,40.6,50.0,91.2
12,6,5.9,0.91,38.0,23.4,64.4
15,9,9.9,1.0,19.8,52.5,60.9
25,23,6.2,0.75,7.9,22.2,77.6
21,12,14.0,0.74,19.3,38.1,44.2
34,19,10.0,0.79,40.5,77.5,63.7
5,3,10.1,0.97,22.6,64.3,64.3
17,11,6.2,0.82,5.8,48.0,61.3
26,19,1.5,0.94,1.9,25.4,77.9
2,1,11.3,0.76,16.7,30.4,50.3
25,19,11.0,0.85,7.4,93.0,69.4
4,3,8.4,0.74,37.3,35.9,68.0
33,21,6.8,0.82,13.9,60.5,70.3
35,31,8.5,0.78,43.9,50.0,74.8
26,22,11.5,0.86,30.9,7.1,59.2
4,2,11.0,0.93,19.7,90.0,61.4
8,5,10.2,0.98,30.5,12.9,57.1
36,32,13.7,0.79,14.8,64.3,70.8
30,20,9.5,0.92,7.1,78.0,68.8
26,18,1.2,0.97,48.2,72.4,78.9
29,19,9.7,0.74,28.2,77.8,64.8
25,14,9.6,0.88,0.4,71.6,55.7
6,4,2.0,0.88,15.5,45.1,79.2
28,25,7.0,0.78,8.0,85.7,80.9
11,8,10.1,0.71,12.9,87.1,68.4
13,9,10.9,0.78,2.8,44.3,62.1
19,10,13.5,0.88,12.3,48.6,47.3
39,22,12.8,0.76,34.2,48.7,56.7
9,4,2.6,0.79,41.0,30.1,58.9
39,19,9.5,0.91,17.4,15.3,54.1
31,23,9.4,0.82,26.1,28.6,63.9
10,7,5.3,0.72,2.1,81.0,68.1
26,16,3.6,0.82,4.5,53.9,67.5
31,30,3.8,1.0,27.6,81.5,90.6
3,2,3.5,0.78,42.0,72.1,72.9
18,16,12.3,0.78,4.4,36.4,65.9
8,4,3.1,0.75,20.9,21.7,61.0
23,14,4.7,0.78,48.5,56.0,65.8
11,8,4.0,0.87,36.9,89.2,74.2
27,13,11.0,0.99,9.9,80.5,58.6
14,7,3.2,0.88,14.3,73.7,67.8
29,16,1.3,0.82,47.4,73.8,69.1
37,22,6.2,0.82,11.0,52.5,67.6
12,9,5.3,0.71,22.0,20.3,68.9
10,8,6.6,0.7,17.8,30.7,71.3
17,11,11.6,0.94,24.5,57.0,60.6
18,11,1.2,0.85,11.8,33.5,68.9
6,5,1.5,0.71,33.4,75.3,82.0
6,3,4.6,0.79,11.7,38.6,57.3
39,32,13.4,0.81,30.1,15.3,56.5
32,30,3.4,0.93,17.9,75.4,92.7
3,1,15.0,0.83,12.6,67.8,41.6
28,15,12.3,0.94,34.8,27.8,53.3
20,19,7.4,0.89,48.3,93.3,84.8
26,16,11.5,0.71,43.5,41.3,55.2
39,24,8.3,0.99,4.3,66.2,63.3
14,10,8.9,0.75,22.7,86.9,73.0
30,18,9.1,0.78,34.7,19.0,56.2
20,19,10.1,0.94,28.1,84.1,83.4
36,18,1.9,0.76,36.3,68.4,71.7
26,18,9.6,0.82,48.8,20.1,57.3
10,7,11.0,0.96,17.1,64.8,69.6
36,26,5.4,0.89,38.5,83.7,76.6
16,12,14.7,0.79,4.7,76.9,59.7
23,22,3.0,0.89,43.5,73.5,89.9
14,13,13.7,0.94,38.9,19.5,69.0
31,20,10.5,0.82,26.0,22.2,57.7
22,17,10.3,0.87,41.1,54.3,74.3
26,13,13.3,1.0,33.3,57.2,56.1
26,18,12.6,0.99,27.6,89.9,64.7
23,13,5.8,0.85,47.3,47.2,64.8
4,3,10.9,0.73,6.5,32.2,61.7
10,6,1.7,0.91,49.6,22.2,65.7
25,21,7.5,0.78,7.7,9.9,68.8
33,21,14.1,0.9,24.0,11.2,55.5
18,17,4.8,0.81,11.6,56.7,80.2
25,18,1.7,0.92,13.6,20.9,71.1
9,8,9.2,0.81,31.6,81.6,73.6
7,5,6.0,0.98,1.7,58.7,69.4
10,9,6.3,0.74,47.0,82.8,81.8
16,13,9.2,0.72,14.0,43.5,70.1
25,21,9.7,0.93,13.6,58.6,71.3
12,7,7.1,0.82,43.2,52.3,62.5
32,24,8.1,0.84,38.2,93.8,70.2
14,9,14.9,0.98,33.6,76.7,59.0
31,15,14.4,0.88,7.3,58.6,48.5
26,22,10.9,0.9,38.5,59.6,73.1
13,8,3.3,0.71,18.0,27.4,69.8
22,15,6.0,0.9,49.7,71.1,68.5
25,16,13.4,0.82,33.6,93.5,59.6
27,16,6.9,0.84,41.8,16.6,61.5
13,6,14.4,0.94,36.7,62.4,47.0
38,25,7.8,0.86,29.7,51.6,64.1
22,11,13.1,1.0,35.8,81.5,60.1
24,18,1.5,0.94,29.9,5.0,79.7
2,1,7.1,0.92,2.6,17.3,54.4
11,10,10.8,0.88,17.3,8.3,67.5
36,35,13.1,0.82,15.8,19.7,72.1
39,25,9.5,0.72,35.7,68.7,66.0
29,18,3.4,0.71,28.8,17.6,64.6
2,1,13.4,0.71,30.5,61.0,49.0
9,8,9.0,0.99,42.3,83.1,81.5
24,19,2.5,0.8,26.3,8.1,75.9
21,16,7.5,0.91,10.9,7.4,67.6
33,31,10.8,0.88,0.6,94.1,84.4
24,22,7.3,0.87,8.0,65.6,80.7
8,7,13.2,0.87,1.5,17.7,61.7
12,10,6.9,0.79,11.9,32.6,73.7
9,8,9.2,0.97,31.7,93.7,79.1
15,14,4.0,0.98,7.6,25.4,82.2
15,10,8.2,0.89,4.1,72.8,70.7
37,36,4.1,0.96,48.5,26.7,86.4
28,23,4.2,0.72,49.8,40.9,65.8
21,14,4.9,0.73,31.9,84.3,70.6
39,28,1.6,0.87,5.4,7.6,71.1
26,21,3.3,0.95,41.1,32.7,78.4
30,20,6.9,0.79,27.0,48.8,64.7
15,13,2.8,0.86,9.1,61.3,82.4
29,16,2.9,0.7,28.8,7.5,61.7
31,29,14.6,1.0,2.0,42.0,65.3
16,10,7.0,0.93,48.6,36.0,64.3
22,12,6.7,0.81,41.3,7.4,60.4
13,12,4.7,0.99,13.0,37.0,79.3
12,7,8.2,0.73,20.9,88.9,65.2
7,6,9.3,0.84,19.8,29.7,71.5
4,2,6.9,0.72,43.1,57.7,53.3
16,15,6.5,0.8,17.7,31.8,77.1
35,21,10.8,0.77,2.4,14.6,53.9
5,2,14.3,0.79,10.7,31.1,46.8
35,33,13.3,0.98,10.8,47.4,72.2
39,22,2.7,0.83,47.5,31.7,67.1
7,6,10.1,0.8,46.2,61.2,69.7
23,20,1.1,0.89,15.0,90.4,90.3
38,20,9.9,0.91,0.1,11.2,56.3
33,23,7.5,1.0,25.8,69.5,68.2
29,15,7.9,0.86,39.9,5.1,55.7
27,17,9.2,0.93,13.4,5.1,61.3
5,3,11.4,0.81,22.0,17.0,55.1
11,8,11.2,0.75,8.6,48.2,63.6
28,27,1.6,0.83,16.4,9.3,86.3
21,12,11.3,0.83,37.9,70.0,55.1
37,24,12.6,0.83,21.4,7.6,56.4
6,4,2.0,0.91,22.4,49.6,79.4
18,10,5.5,0.82,39.5,65.8,64.4
33,28,12.1,0.99,38.1,26.4,66.8
36,25,7.9,0.99,9.4,57.1,68.5
24,23,10.7,0.86,20.8,28.6,75.1
14,11,8.0,0.87,42.4,24.3,73.3
2,1,14.7,0.82,22.8,78.7,59.2
32,27,14.1,0.81,33.1,35.0,69.0
20,18,4.9,1.0,15.3,78.3,85.1
24,21,6.4,0.71,3.0,24.5,70.1
35,22,7.0,0.82,8.2,37.0,59.3
5,3,2.5,0.75,20.1,14.2,67.4
35,25,6.7,0.92,17.7,49.7,80.4
31,21,11.8,0.76,44.8,39.3,59.4
11,7,12.9,0.97,27.3,5.5,57.4
7,6,13.4,0.81,31.4,46.8,67.1
13,6,1.2,0.98,34.4,11.7,66.1
13,8,12.0,1.0,26.6,80.3,62.6
19,10,8.0,0.93,38.5,49.4,62.0
37,20,3.9,0.89,39.2,67.1,67.4
36,22,8.0,0.74,17.6,78.9,66.9
26,22,12.8,0.98,4.2,9.6,65.4
23,22,7.1,0.93,49.3,35.3,81.2
31,23,14.9,0.79,32.1,7.3,52.9
30,20,9.6,0.84,35.4,9.5,63.4
8,7,7.9,0.72,37.8,8.4,72.7
4,2,5.1,0.9,30.6,48.0,62.7
22,12,1.2,0.74,23.5,45.6,66.8
21,14,9.5,0.9,49.2,10.5,56.5
10,7,9.1,0.9,36.4,28.6,61.6
37,33,8.2,0.8,42.3,27.0,71.6
15,14,8.5,0.98,22.0,31.7,78.8
19,14,12.8,0.93,45.2,62.7,65.7
34,25,5.4,0.85,36.6,67.7,79.9
3,1,8.7,0.98,37.3,35.5,49.3
38,27,10.5,0.96,4.3,75.9,66.8
32,30,3.9,0.91,30.9,42.6,84.2
23,16,13.9,0.75,16.8,52.0,55.9
10,6,11.3,0.85,33.5,18.1,60.5
21,14,1.7,0.96,28.4,26.0,79.8
21,15,13.1,0.88,5.6,70.5,66.2
2,1,14.0,0.86,26.5,92.9,58.8
31,22,12.1,0.99,22.6,68.4,66.8
20,17,7.0,0.7,38.8,9.9,71.7
37,29,14.9,0.7,25.1,17.9,61.5
15,12,2.7,0.97,24.1,45.1,80.4
2,1,8.5,0.71,36.0,70.9,62.6
6,5,3.4,0.8,33.4,19.9,76.4
11,6,7.2,0.98,49.6,72.6,65.2
10,8,14.0,0.91,17.6,55.0,63.4
15,12,12.1,0.89,34.4,74.7,70.8
19,10,11.9,0.9,8.4,55.2,59.1
26,23,6.0,0.8,40.2,59.2,72.0
37,21,14.1,0.86,39.3,27.4,52.6
32,28,6.2,0.89,36.3,69.8,83.0
36,20,1.6,0.79,6.0,81.0,72.1
28,24,9.9,0.94,49.4,83.4,70.4
23,13,6.1,0.8,47.1,7.7,54.6
12,8,3.2,0.72,18.5,61.2,72.1
11,6,14.1,0.76,28.9,94.1,51.3
9,5,9.9,0.82,44.4,57.8,66.8
29,28,14.2,0.97,24.7,20.4,75.1
24,13,9.2,0.82,30.0,84.0,59.5
7,4,1.9,0.73,30.2,28.8,69.3
15,12,1.4,0.76,32.5,9.1,78.0
25,13,13.6,0.86,28.8,43.7,51.3
10,5,1.5,0.75,20.3,14.0,65.8
39,22,9.6,0.72,27.0,15.4,48.5
26,21,5.2,0.91,43.6,46.7,75.7
39,37,10.6,0.94,43.2,60.1,75.9
31,28,5.0,0.96,38.6,86.5,91.5
23,22,1.5,0.95,20.7,68.5,89.0
3,2,11.2,0.81,39.3,80.8,66.5
26,25,5.4,0.92,19.4,42.1,81.7
25,16,8.7,0.88,33.2,33.7,66.4
38,27,11.8,0.71,28.4,58.4,61.1
4,2,10.8,0.82,15.0,67.6,52.9
27,14,5.9,0.72,22.6,56.1,61.6
31,28,11.5,0.73,41.5,28.8,70.6
30,15,14.0,0.72,45.6,38.3,48.8
8,6,9.5,0.99,10.3,45.3,65.0
10,7,10.8,0.95,22.8,6.3,57.0
31,15,13.1,0.83,21.7,84.2,53.0
17,10,12.8,0.77,24.5,51.0,53.1
15,10,5.9,0.72,48.8,72.6,66.1
27,26,14.9,0.83,25.9,20.5,66.5
38,31,1.4,0.88,41.5,55.1,84.3
11,8,14.8,0.94,33.2,88.4,64.6
31,17,4.4,0.72,5.4,24.3,57.2
23,15,7.2,0.83,34.8,36.1,62.4
31,16,13.4,0.99,32.4,39.9,55.2
33,29,4.4,0.74,37.9,39.5,77.5
15,8,4.1,0.82,3.7,59.1,63.3
24,19,10.0,0.78,12.1,40.4,69.2
18,15,10.9,0.74,38.5,65.7,72.3
37,25,1.1,0.95,18.5,48.6,80.0
30,24,7.3,0.91,45.5,19.2,70.3
25,22,7.8,0.82,25.9,90.4,77.8
12,7,4.8,0.81,0.1,26.6,62.5
16,12,8.6,0.95,34.9,55.6,69.3
23,19,3.2,0.73,25.7,10.5,67.0
28,18,5.5,0.74,15.9,87.7,70.2
35,20,11.0,0.97,1.0,88.5,56.6
34,21,13.2,0.95,9.9,37.8,55.0
22,21,9.3,0.93,8.1,15.9,73.4
25,16,2.0,0.89,29.1,74.3,81.2
21,11,10.5,0.79,38.5,28.6,49.9
5,2,13.6,0.98,11.7,68.1,51.3
38,22,8.1,0.85,34.9,87.4,65.2
38,21,7.9,0.78,45.0,58.1,62.1
34,25,14.9,0.81,31.1,82.5,61.3
32,21,9.9,0.71,38.8,25.2,53.9
35,32,12.3,0.78,10.2,86.9,74.5
23,21,10.1,0.76,3.7,25.4,70.3
31,22,4.1,0.74,18.3,25.3,70.3
6,5,5.0,0.71,35.5,84.2,78.4
24,17,10.3,0.77,34.3,54.9,63.5
14,11,7.4,0.73,47.8,76.9,75.2
10,5,6.7,0.71,31.5,77.2,63.8
15,7,1.3,0.74,20.6,63.2,64.0
18,10,13.4,0.76,39.9,22.0,49.4
36,22,13.4,0.82,7.7,67.3,54.1
19,16,7.5,0.88,40.7,10.7,72.9
13,7,10.8,0.8,18.3,23.1,55.1
17,9,3.5,0.74,7.7,62.9,69.8
31,29,8.1,0.98,8.1,86.7,86.0
14,11,7.1,0.85,49.2,74.5,75.2
19,13,10.2,0.92,31.2,34.9,71.9
13,7,7.6,0.91,8.7,79.1,65.7
35,32,8.0,0.79,13.4,92.0,82.5
34,18,5.1,0.87,18.6,34.9,57.7
7,5,1.7,0.88,2.8,21.8,76.4
19,15,13.8,0.81,5.4,22.8,67.5
4,2,1.2,0.9,38.1,41.0,68.6
7,6,4.9,0.94,39.3,9.7,78.5
37,19,7.3,0.81,49.4,48.9,62.3
23,20,5.5,0.7,3.4,70.9,83.6
8,6,8.7,0.8,44.5,52.7,70.1
31,24,7.5,0.74,15.9,92.3,69.8
3,2,4.6,0.75,16.4,46.6,69.9
33,26,2.2,0.81,6.4,6.2,76.5
16,14,2.9,0.76,49.3,47.3,82.3
23,13,7.8,0.98,49.0,88.7,66.7
39,35,12.8,0.9,43.2,13.6,65.9
9,7,2.4,0.86,4.5,25.1,74.8
9,8,10.5,0.7,42.1,69.4,72.0
37,35,12.1,0.73,31.7,31.5,70.6
21,12,4.9,0.94,6.4,73.9,71.2
38,27,10.4,0.82,13.1,42.7,65.1
9,8,10.6,0.71,34.5,76.6,72.4
